Unnamed: 0,Brand,Model,YOM,Engine (cc),Gear,Fuel Type,Millage(KM),Town,Date,Leasing,Condition,AIR CONDITION,POWER STEERING,POWER MIRROR,POWER WINDOW,Price
2536,NISSAN,BLUEBIRD SU14,2001,1973.0,Manual,Diesel,264000.0,Matara,2025-01-10,No Leasing,USED,Available,Available,Available,Available,27.0
1104,HONDA,N WGN CUSTOM,2018,660.0,Automatic,Petrol,77000.0,Kadawatha,2024-12-24,No Leasing,USED,Available,Available,Available,Available,66.75
3875,PERODUA,VIVA ELITE PREMIUM,2009,1000.0,Automatic,Petrol,176000.0,Kaduwela,2025-01-29,No Leasing,USED,Available,Available,Available,Available,39.5
7166,TOYOTA,AQUA S GRADE,2013,1500.0,Automatic,Hybrid,132000.0,Malabe,2025-02-02,No Leasing,USED,Available,Available,Available,Available,74.75
1752,MERCEDES-BENZ,E300,2014,2000.0,Automatic,Diesel,121000.0,Nittambuwa,2025-01-23,No Leasing,USED,Available,Available,Available,Available,223.0
5310,SUZUKI,MARUTI 800,2004,800.0,Manual,Petrol,231000.0,Matugama,2024-12-23,No Leasing,USED,Available,Not_Available,Not_Available,Not_Available,15.5
6647,TOYOTA,110,1997,2000.0,Automatic,Diesel,308000.0,Pannala,2025-01-13,No Leasing,USED,Available,Available,Available,Available,45.0
2916,NISSAN,FB15 EX SALOON,2000,1500.0,Automatic,Petrol,275000.0,Nittambuwa,2025-02-05,No Leasing,USED,Available,Available,Available,Available,37.9
8658,TOYOTA,PREMIO G SUPERIOR,2018,1500.0,Automatic,Petrol,77000.0,Matara,2025-02-04,No Leasing,USED,Available,Available,Available,Available,178.5
152,BMW,LUXURY LINE,2017,1500.0,Automatic,Petrol,88000.0,Colombo,2024-12-20,No Leasing,USED,Available,Available,Available,Available,225.0
7329,TOYOTA,AXIO,2017,1500.0,Automatic,Petrol,88000.0,Nittambuwa,2025-01-23,No Leasing,USED,Available,Available,Available,Available,144.0
3907,PEUGEOT,406,1998,1900.0,Manual,Diesel,297000.0,Dehiwala-Mount-Lavinia,2025-01-22,No Leasing,USED,Available,Not_Available,Not_Available,Available,25.0
8940,TOYOTA,SPRINTER,1997,1500.0,Manual,Diesel,308000.0,Polonnaruwa,2025-01-13,No Leasing,USED,Available,Available,Available,Available,22.8
2552,NISSAN,BLUEBIRD SYLPHY G11,2010,1500.0,Automatic,Petrol,165000.0,Kandy,2025-01-23,No Leasing,USED,Available,Available,Available,Available,67.5
2773,NISSAN,FB14,1994,1450.0,Manual,Petrol,341000.0,Hanwella,2024-12-08,Ongoing Lease,USED,Available,Available,Not_Available,Available,22.15
5815,SUZUKI,WAGON R,2018,650.0,Automatic,Petrol,77000.0,Polonnaruwa,2025-01-24,No Leasing,USED,Available,Available,Available,Available,69.56041666666667
3551,NISSAN,TRAD SUNNY,1988,1500.0,Manual,Petrol,407000.0,Minuwangoda,2025-01-26,No Leasing,USED,Available,Available,Available,Available,14.4
3722,PERODUA,VIVA ELITE,2007,660.0,Automatic,Petrol,198000.0,Colombo,2025-02-02,No Leasing,USED,Available,Available,Available,Available,35.5
6338,SUZUKI,WAGON R STINGRAY,2014,660.0,Automatic,Hybrid,121000.0,Kandy,2025-01-02,No Leasing,USED,Available,Available,Available,Available,55.25
520,HONDA,CIVIC EK3,1998,1500.0,Automatic,Petrol,297000.0,Kaduwela,2024-12-30,No Leasing,USED,Available,Available,Available,Available,37.9
7656,TOYOTA,CARINA,1991,1500.0,Manual,Petrol,374000.0,Galle,2025-01-27,No Leasing,USED,Available,Available,Available,Available,20.5
4538,SUZUKI,ALTO 800,2015,800.0,Manual,Petrol,110000.0,Tangalle,2024-12-24,No Leasing,USED,Available,Available,Not_Available,Available,33.25
6465,SUZUKI,WAGON R STINGRAY J STYLE,2014,660.0,Automatic,Hybrid,121000.0,Colombo,2024-12-28,No Leasing,USED,Available,Available,Available,Available,56.69444444444444
1822,MICRO,BAIC X25,2017,1500.0,Automatic,Petrol,88000.0,Colombo,2025-01-19,No Leasing,USED,Available,Available,Available,Available,54.95
4086,SUZUKI,A-STAR,2011,1000.0,Automatic,Petrol,154000.0,Kadawatha,2024-12-30,No Leasing,USED,Available,Available,Not_Available,Available,40.5
5861,SUZUKI,WAGON R,2014,660.0,Automatic,Hybrid,121000.0,Gampaha,2024-12-26,No Leasing,USED,Available,Available,Available,Available,53.9
8552,TOYOTA,PREMIO,2018,1500.0,Automatic,Petrol,77000.0,Colombo,2025-01-18,No Leasing,USED,Available,Available,Available,Available,185.0
6984,TOYOTA,AQUA,2013,1490.0,Automatic,Petrol,132000.0,Kandy,2025-01-28,No Leasing,USED,Available,Available,Available,Available,75.0
7378,TOYOTA,AXIO,2010,1499.0,Automatic,Petrol,165000.0,Batticaloa,2024-12-17,No Leasing,USED,Available,Available,Available,Available,82.5
309,DAIHATSU,MIRA,2017,660.0,Automatic,Petrol,88000.0,Gampaha,2025-01-26,No Leasing,USED,Available,Available,Not_Available,Available,56.75
9309,TOYOTA,VITZ,2008,1000.0,Automatic,Petrol,187000.0,Wattegama,2025-01-06,No Leasing,USED,Available,Available,Available,Available,53.0
6169,SUZUKI,WAGON R STINGRAY,2018,660.0,Automatic,Petrol,77000.0,Gampaha,2025-02-05,No Leasing,USED,Available,Available,Available,Available,70.0
6969,TOYOTA,AQUA,2013,1500.0,Automatic,Hybrid,132000.0,Colombo,2025-01-15,No Leasing,USED,Available,Available,Available,Available,74.0725
3599,NISSAN,WINGROAD,1996,1500.0,Manual,Petrol,319000.0,Kandy,2024-12-16,No Leasing,USED,Available,Available,Available,Available,23.0
3622,OPEL,ASTRA,1998,1400.0,Manual,Petrol,297000.0,Galle,2025-01-19,No Leasing,USED,Not_Available,Available,Not_Available,Available,12.5
3811,PERODUA,VIVA ELITE,2012,1000.0,Automatic,Petrol,143000.0,Puttalam,2025-01-04,No Leasing,USED,Not_Available,Available,Not_Available,Not_Available,44.5
3450,NISSAN,SUNNY FB13,1994,1400.0,Manual,Petrol,341000.0,Panadura,2024-12-18,No Leasing,USED,Available,Available,Available,Available,21.0
4591,SUZUKI,ALTO JAPAN,2004,650.0,Automatic,Petrol,231000.0,Kadawatha,2025-02-04,No Leasing,USED,Available,Available,Available,Available,32.97222222222222
205,CHEVROLET,AVEO,2008,1200.0,Manual,Petrol,187000.0,Galle,2025-01-22,No Leasing,USED,Not_Available,Available,Not_Available,Not_Available,23.75
9632,TOYOTA,VITZ SAFETY EDITION,2017,1000.0,Automatic,Petrol,88000.0,Anuradapura,2025-01-02,No Leasing,USED,Available,Available,Available,Available,84.0
1135,HYUNDAI,ACCENT,2006,1500.0,Manual,Petrol,209000.0,Dambulla,2025-01-30,No Leasing,USED,Available,Available,Not_Available,Available,25.875
9186,TOYOTA,VITZ,2018,1000.0,Automatic,Petrol,77000.0,Dehiwala-Mount-Lavinia,2025-02-03,No Leasing,USED,Available,Available,Available,Available,91.75
2749,NISSAN,FB14,1997,1500.0,Automatic,Petrol,308000.0,Kurunegala,2025-01-10,No Leasing,USED,Available,Available,Available,Available,25.6
3613,NISSAN,WINGROAD Y11,2000,1500.0,Automatic,Petrol,275000.0,Kandy,2025-01-28,No Leasing,USED,Available,Available,Available,Available,35.9
305,DAIHATSU,MIRA,2017,660.0,Automatic,Petrol,88000.0,Kandy,2025-01-18,No Leasing,NEW,Available,Available,Available,Available,59.6
1849,MICRO,MX7,2010,1500.0,Manual,Petrol,165000.0,Piliyandala,2024-12-07,No Leasing,USED,Available,Available,Available,Available,28.5
6147,SUZUKI,WAGON R MH44 FZ,2014,650.0,Automatic,Hybrid,121000.0,Ja-Ela,2025-01-22,No Leasing,USED,Available,Available,Available,Available,55.0
1988,MICRO,PANDA CROSS,2014,1300.0,Manual,Petrol,121000.0,Matale,2025-01-09,No Leasing,USED,Available,Available,Not_Available,Available,29.5
3240,NISSAN,N16,2002,1498.0,Automatic,Petrol,253000.0,Colombo,2024-12-30,No Leasing,USED,Available,Available,Available,Not_Available,42.9
2798,NISSAN,FB15,2004,1500.0,Automatic,Petrol,231000.0,Kegalle,2025-02-04,No Leasing,USED,Available,Available,Available,Available,45.9
4515,SUZUKI,ALTO 800,2016,800.0,Manual,Petrol,99000.0,Batticaloa,2025-01-06,No Leasing,USED,Available,Available,Not_Available,Not_Available,32.85
5630,SUZUKI,SWIFT BEETLE,2004,1300.0,Automatic,Petrol,231000.0,Panadura,2024-12-19,No Leasing,USED,Available,Available,Available,Available,49.9
8560,TOYOTA,PREMIO,1999,2000.0,Automatic,Diesel,286000.0,Kadawatha,2025-01-11,No Leasing,USED,Available,Available,Available,Available,43.5
3109,NISSAN,MARCH AK12,2008,1300.0,Automatic,Petrol,187000.0,Matara,2025-02-05,No Leasing,USED,Available,Available,Available,Available,41.75
4939,SUZUKI,CULTUS,1990,1300.0,Manual,Petrol,385000.0,Mawanella,2024-12-23,No Leasing,USED,Available,Available,Available,Available,16.5
4059,SUZUKI,A-STAR,2013,1000.0,Automatic,Petrol,132000.0,Galle,2025-01-29,No Leasing,USED,Available,Available,Not_Available,Available,43.75
1987,MICRO,PANDA CROSS,2014,1300.0,Manual,Petrol,121000.0,Colombo,2025-01-09,Ongoing Lease,USED,Available,Available,Available,Available,27.5
7836,TOYOTA,COROLLA 110,1996,1330.0,Automatic,Petrol,319000.0,Kadawatha,2025-02-02,No Leasing,USED,Available,Available,Available,Available,29.95000727272727
383,FIAT,PUNTO,2007,1400.0,Automatic,Petrol,198000.0,Homagama,2024-12-18,No Leasing,USED,Available,Available,Not_Available,Available,20.5
5634,SUZUKI,SWIFT BEETLE SPECIAL EDITION,2010,1300.0,Automatic,Petrol,165000.0,Balangoda,2025-01-21,No Leasing,USED,Available,Available,Available,Available,58.9
4307,SUZUKI,ALTO,2015,1111.0,Manual,Petrol,110000.0,Hanwella,2025-01-20,No Leasing,USED,Available,Available,Not_Available,Available,32.5
3388,NISSAN,RZ 1,1989,1500.0,Manual,Petrol,396000.0,Matara,2024-12-06,No Leasing,USED,Available,Available,Not_Available,Available,10.5
3156,NISSAN,MARCH K11,2002,1000.0,Automatic,Petrol,253000.0,Boralesgamuwa,2025-01-31,No Leasing,USED,Available,Available,Available,Available,31.95
2727,NISSAN,FB14,1997,1500.0,Automatic,Petrol,308000.0,Gampaha,2025-02-01,No Leasing,USED,Available,Available,Available,Available,27.75
8948,TOYOTA,SPRINTER 111,2000,1300.0,Manual,Petrol,275000.0,Ganemulla,2025-01-16,No Leasing,USED,Available,Available,Available,Available,30.0
6349,SUZUKI,WAGON R STINGRAY,2018,660.0,Automatic,Hybrid,77000.0,Galle,2024-12-29,No Leasing,USED,Available,Available,Available,Available,67.9
8496,TOYOTA,PASSO BOON,2016,1000.0,Automatic,Petrol,99000.0,Gampaha,2025-01-15,No Leasing,USED,Available,Available,Available,Available,69.0
8762,TOYOTA,PRIUS,2016,1790.0,Automatic,Petrol,99000.0,Colombo,2025-02-05,No Leasing,USED,Available,Available,Available,Available,136.76785714285708
8185,TOYOTA,CORONA,1997,1300.0,Manual,Petrol,308000.0,Colombo,2025-02-04,No Leasing,USED,Available,Available,Not_Available,Not_Available,13.5
3832,PERODUA,VIVA ELITE,2011,1000.0,Automatic,Petrol,154000.0,Negombo,2024-12-25,No Leasing,USED,Available,Available,Available,Available,40.82627118644068
8517,TOYOTA,PREMIO,2007,1500.0,Automatic,Petrol,198000.0,Kurunegala,2025-02-05,No Leasing,USED,Available,Available,Available,Available,92.4375
4776,SUZUKI,ALTO LXI,2015,800.0,Manual,Petrol,110000.0,Kottawa,2025-01-30,No Leasing,USED,Available,Available,Not_Available,Available,31.75
4276,SUZUKI,ALTO,2016,800.0,Manual,Petrol,99000.0,Jaffna,2025-01-26,No Leasing,USED,Available,Available,Not_Available,Available,34.8
253,DAEWOO,NUBIRA,2000,1568.0,Automatic,Petrol,275000.0,Panadura,2025-02-05,No Leasing,USED,Available,Available,Not_Available,Available,17.95
5883,SUZUKI,WAGON R,2004,1061.0,Manual,Petrol,231000.0,Pannipitiya,2024-12-19,No Leasing,USED,Available,Available,Not_Available,Available,37.4375
9385,TOYOTA,VITZ,2008,1000.0,Automatic,Petrol,187000.0,Kesbewa,2024-12-31,No Leasing,USED,Available,Available,Available,Available,56.5
6945,TOYOTA,AQUA,2013,1500.0,Automatic,Hybrid,132000.0,Kandana,2025-02-02,No Leasing,USED,Available,Available,Available,Available,72.0
278,DAIHATSU,CHARADE G200S,1997,1300.0,Manual,Petrol,308000.0,Dompe,2024-12-14,Ongoing Lease,USED,Available,Available,Not_Available,Not_Available,15.0
3252,NISSAN,N16,2005,1500.0,Automatic,Petrol,220000.0,Kotte,2024-12-05,No Leasing,USED,Available,Available,Available,Available,46.5
2480,NISSAN,B15,2001,1290.0,Automatic,Petrol,264000.0,Anuradapura,2025-01-26,No Leasing,USED,Available,Available,Available,Available,37.9
289,DAIHATSU,JAPAN,1996,847.0,Manual,Petrol,319000.0,Matugama,2024-12-17,Ongoing Lease,USED,Available,Available,Not_Available,Not_Available,14.5
5803,SUZUKI,WAGON R,2016,660.0,Automatic,Hybrid,99000.0,Negombo,2025-01-05,No Leasing,USED,Available,Available,Available,Available,54.9
3075,NISSAN,LUCINO,1998,1500.0,Automatic,Petrol,297000.0,Negombo,2024-12-08,No Leasing,USED,Available,Available,Available,Available,27.5
8366,TOYOTA,IST,2007,1500.0,Automatic,Petrol,198000.0,Ratnapura,2025-01-29,No Leasing,USED,Available,Available,Available,Available,69.5
9262,TOYOTA,VITZ,2007,1000.0,Automatic,Petrol,198000.0,Galle,2025-01-17,No Leasing,USED,Available,Available,Available,Available,51.0
6107,SUZUKI,WAGON R FZ SAFETY,2017,660.0,Automatic,Hybrid,88000.0,Kegalle,2025-02-03,No Leasing,USED,Available,Available,Available,Available,69.95
5089,SUZUKI,MARUTI,2013,800.0,Manual,Petrol,132000.0,Nittambuwa,2025-01-31,No Leasing,USED,Available,Not_Available,Not_Available,Not_Available,19.75
6940,TOYOTA,AQUA,2013,1500.0,Automatic,Hybrid,132000.0,Pannipitiya,2025-02-04,No Leasing,USED,Available,Available,Available,Available,73.75
9511,TOYOTA,VITZ EDITION,2017,1000.0,Automatic,Petrol,88000.0,Kandy,2025-02-02,No Leasing,USED,Available,Available,Available,Available,85.0
8219,TOYOTA,CORONA AT170,1990,1500.0,Manual,Petrol,385000.0,Kuliyapitiya,2025-01-22,No Leasing,USED,Available,Available,Available,Available,18.5
5836,SUZUKI,WAGON R,2014,660.0,Automatic,Petrol,121000.0,Moneragala,2025-01-05,No Leasing,USED,Available,Available,Available,Available,53.8
7390,TOYOTA,AXIO,2015,1500.0,Automatic,Hybrid,110000.0,Gampaha,2024-12-08,No Leasing,USED,Available,Available,Available,Available,112.63636363636364
270,DAIHATSU,CHARADE,1989,1113.0,Manual,Diesel,396000.0,Kaduwela,2024-12-15,No Leasing,USED,Available,Not_Available,Not_Available,Not_Available,12.9
4570,SUZUKI,ALTO 800 LXI,2013,800.0,Manual,Petrol,132000.0,Hanwella,2025-01-20,No Leasing,USED,Available,Available,Not_Available,Available,29.8
7493,TOYOTA,AXIO WXB,2018,1500.0,Automatic,Petrol,77000.0,Pannipitiya,2025-01-08,Ongoing Lease,USED,Available,Available,Available,Available,156.0
7627,TOYOTA,CAMRY G LIMITED,2007,2400.0,Automatic,Petrol,198000.0,Negombo,2024-12-30,No Leasing,USED,Available,Available,Available,Available,79.0
2971,NISSAN,HB11,1984,1500.0,Manual,Petrol,451000.0,Bentota,2025-02-03,No Leasing,USED,Available,Not_Available,Not_Available,Available,7.45
5903,SUZUKI,WAGON R,2018,658.0,Automatic,Hybrid,77000.0,Kottawa,2024-12-13,No Leasing,USED,Available,Available,Available,Available,66.5
8577,TOYOTA,PREMIO,2013,1611.0,Automatic,Petrol,132000.0,Anuradapura,2025-01-24,No Leasing,USED,Available,Available,Available,Available,129.13888888888889
4207,SUZUKI,ALTO,2011,800.0,Manual,Petrol,154000.0,Gampaha,2025-01-17,No Leasing,USED,Available,Available,Not_Available,Not_Available,26.2945945945946
3218,NISSAN,N16,2000,1500.0,Manual,Petrol,275000.0,Colombo,2025-02-04,No Leasing,USED,Available,Available,Available,Available,33.5
1391,KIA,PICANTO,2016,1000.0,Automatic,Petrol,99000.0,Piliyandala,2024-12-07,No Leasing,NEW,Available,Available,Available,Available,57.9
3975,RENAULT,KWID,2016,800.0,Manual,Petrol,99000.0,Kuliyapitiya,2025-02-02,No Leasing,USED,Available,Available,Not_Available,Available,32.1625
4316,SUZUKI,ALTO,2015,800.0,Manual,Petrol,110000.0,Polonnaruwa,2025-01-05,No Leasing,USED,Available,Available,Not_Available,Available,32.25
6389,SUZUKI,WAGON R STINGRAY,2017,660.0,Automatic,Petrol,88000.0,Kandy,2024-12-22,No Leasing,USED,Available,Available,Available,Available,69.5
6997,TOYOTA,AQUA,2014,1500.0,Automatic,Hybrid,121000.0,Kandy,2025-01-24,No Leasing,USED,Available,Available,Available,Available,79.5
7094,TOYOTA,AQUA G,2013,1500.0,Automatic,Petrol,132000.0,Avissawella,2025-01-10,No Leasing,USED,Available,Available,Available,Available,71.0
83,BMW,318I,2017,1500.0,Automatic,Petrol,88000.0,Colombo,2025-02-04,No Leasing,USED,Available,Not_Available,Available,Available,220.0
873,HONDA,FIT GP5 S GRADE,2014,1500.0,Automatic,Hybrid,121000.0,Hambantota,2024-12-19,No Leasing,USED,Available,Available,Available,Available,83.39333333333333
9400,TOYOTA,VITZ,2016,1000.0,Automatic,Petrol,99000.0,Colombo,2024-12-26,No Leasing,USED,Available,Available,Available,Available,77.56627906976743
7278,TOYOTA,AXIO,2013,1500.0,Automatic,Hybrid,132000.0,Kurunegala,2025-02-02,No Leasing,USED,Available,Available,Available,Available,92.0
4557,SUZUKI,ALTO 800 LXI,2015,796.0,Manual,Petrol,110000.0,Malabe,2025-02-05,No Leasing,USED,Available,Available,Not_Available,Available,34.9
4500,SUZUKI,ALTO 800,2011,800.0,Manual,Petrol,154000.0,Kottawa,2025-02-02,No Leasing,USED,Available,Available,Not_Available,Not_Available,28.65000000000001
4647,SUZUKI,ALTO JAPAN,2016,650.0,Automatic,Petrol,99000.0,Dehiwala-Mount-Lavinia,2025-01-05,No Leasing,USED,Available,Available,Not_Available,Available,54.5
2038,MICRO,TREND,2010,1075.0,Automatic,Petrol,165000.0,Negombo,2025-02-01,No Leasing,USED,Available,Available,Not_Available,Available,15.6
9488,TOYOTA,VITZ,2015,1077.0,Automatic,Petrol,110000.0,Hambantota,2024-12-08,No Leasing,USED,Available,Available,Available,Available,76.5
6589,TATA,NANO,2015,650.0,Manual,Petrol,110000.0,Nugegoda,2025-01-17,No Leasing,USED,Available,Available,Not_Available,Not_Available,17.95
2450,NISSAN,B11,1983,1500.0,Manual,Petrol,462000.0,Warakapola,2024-12-17,No Leasing,USED,Available,Not_Available,Not_Available,Not_Available,7.48
3954,PROTON,SAVVY,2008,1300.0,Automatic,Petrol,187000.0,Welimada,2024-12-07,Ongoing Lease,USED,Available,Available,Not_Available,Available,27.0
2329,MITSUBISHI,LANCER WAGON,1980,1400.0,Manual,Petrol,495000.0,Galle,2025-01-31,No Leasing,USED,Available,Available,Not_Available,Not_Available,9.9
8929,TOYOTA,SOLUNA,2001,1500.0,Manual,Petrol,264000.0,Kelaniya,2025-01-03,No Leasing,USED,Available,Available,Not_Available,Not_Available,23.9
6716,TOYOTA,ALLION,2008,1490.0,Automatic,Petrol,187000.0,Moratuwa,2025-02-05,No Leasing,USED,Available,Available,Available,Available,91.0
5042,SUZUKI,MARUTI,2011,800.0,Manual,Petrol,154000.0,Horana,2025-02-05,No Leasing,USED,Available,Not_Available,Not_Available,Not_Available,20.034782608695647
9166,TOYOTA,VITZ,1999,1000.0,Automatic,Petrol,286000.0,Mirigama,2025-02-04,No Leasing,USED,Available,Available,Available,Available,36.5
4746,SUZUKI,ALTO K10,2015,1000.0,Manual,Petrol,110000.0,Kurunegala,2024-12-13,No Leasing,USED,Available,Available,Not_Available,Available,38.5
9169,TOYOTA,VITZ,2002,990.0,Automatic,Petrol,253000.0,Tangalle,2025-02-04,No Leasing,USED,Available,Available,Available,Available,41.75
8644,TOYOTA,PREMIO 260 G SUPERIOR,2011,1500.0,Automatic,Petrol,154000.0,Nittambuwa,2025-01-28,No Leasing,USED,Available,Available,Available,Available,106.5
6192,SUZUKI,WAGON R STINGRAY,2014,650.0,Automatic,Petrol,121000.0,Colombo,2025-02-04,No Leasing,USED,Available,Available,Available,Available,55.34558823529412
7534,TOYOTA,AXIO X LIMITED,2008,1500.0,Automatic,Petrol,187000.0,Kadawatha,2025-01-25,No Leasing,USED,Available,Available,Available,Available,76.5
8427,TOYOTA,NZE121,2000,1500.0,Automatic,Petrol,275000.0,Colombo,2025-02-04,No Leasing,USED,Available,Available,Available,Available,53.0
8522,TOYOTA,PREMIO,2011,1490.0,Automatic,Petrol,154000.0,Kaduwela,2025-02-05,No Leasing,USED,Available,Available,Available,Available,107.75
5520,SUZUKI,SWIFT,2007,1240.0,Automatic,Petrol,198000.0,Ampara,2025-01-12,No Leasing,USED,Available,Available,Available,Available,55.0
1216,HYUNDAI,EON,2018,800.0,Manual,Petrol,77000.0,Hikkaduwa,2025-01-18,No Leasing,USED,Available,Available,Available,Not_Available,42.817857142857136
8507,TOYOTA,PIXIS,2018,650.0,Automatic,Petrol,77000.0,Nugegoda,2025-02-02,No Leasing,USED,Available,Available,Available,Available,70.0
7585,TOYOTA,BELTA,2007,1000.0,Automatic,Petrol,198000.0,Anuradapura,2024-12-23,No Leasing,USED,Available,Available,Available,Available,67.0
1064,HONDA,INSIGHT ZE3,2011,1500.0,Automatic,Hybrid,154000.0,Polonnaruwa,2025-01-05,Ongoing Lease,USED,Available,Available,Available,Available,81.0
3786,PERODUA,VIVA ELITE,2013,1000.0,Automatic,Petrol,132000.0,Colombo,2025-01-06,No Leasing,USED,Available,Available,Available,Available,38.0
4410,SUZUKI,ALTO,1997,680.0,Manual,Petrol,308000.0,Divulapitiya,2024-12-20,No Leasing,USED,Available,Not_Available,Not_Available,Not_Available,18.5
8024,TOYOTA,COROLLA AE100,1992,1300.0,Manual,Petrol,363000.0,Mirigama,2025-01-12,No Leasing,USED,Available,Available,Available,Not_Available,19.0
6449,SUZUKI,WAGON R STINGRAY J STYLE,2016,650.0,Automatic,Hybrid,99000.0,Matara,2025-01-31,Ongoing Lease,USED,Available,Available,Available,Available,57.0
5523,SUZUKI,SWIFT,2008,1200.0,Manual,Petrol,187000.0,Gampaha,2025-01-11,Ongoing Lease,USED,Available,Available,Available,Available,38.5
8641,TOYOTA,PREMIO 260,2010,1500.0,Automatic,Petrol,165000.0,Negombo,2024-12-17,No Leasing,USED,Available,Available,Available,Available,102.83333333333334
2161,MITSUBISHI,LANCER,1977,1400.0,Manual,Petrol,528000.0,Ja-Ela,2024-12-27,No Leasing,USED,Available,Available,Not_Available,Not_Available,23.5
3008,NISSAN,HB15,2002,1300.0,Automatic,Petrol,253000.0,Colombo,2024-12-20,No Leasing,USED,Available,Available,Available,Available,35.0
1105,HONDA,N WGN CUSTOM,2018,650.0,Automatic,Petrol,77000.0,Dehiwala-Mount-Lavinia,2024-12-05,No Leasing,USED,Available,Available,Available,Available,65.0
6351,SUZUKI,WAGON R STINGRAY,2017,657.0,Automatic,Petrol,88000.0,Panadura,2024-12-29,No Leasing,USED,Available,Available,Available,Available,72.75
692,HONDA,FIT GP1,2011,1300.0,Automatic,Hybrid,154000.0,Dehiwala-Mount-Lavinia,2025-01-01,No Leasing,USED,Available,Available,Available,Available,65.5
7157,TOYOTA,AQUA S,2012,1500.0,Automatic,Petrol,143000.0,Colombo,2025-01-04,No Leasing,USED,Available,Available,Available,Available,70.75
4956,SUZUKI,ESTILO,2010,1000.0,Manual,Petrol,165000.0,Piliyandala,2025-02-04,No Leasing,USED,Available,Available,Available,Available,32.37083333333333
9083,TOYOTA,VIOS,2003,1500.0,Manual,Petrol,242000.0,Bandarawela,2025-02-03,No Leasing,USED,Available,Available,Available,Available,48.75
8296,TOYOTA,DX WAGON,1994,1500.0,Manual,Petrol,341000.0,Kurunegala,2025-02-02,No Leasing,USED,Available,Not_Available,Not_Available,Not_Available,9.5
4369,SUZUKI,ALTO,2015,800.0,Manual,Petrol,110000.0,Vavuniya,2024-12-26,No Leasing,USED,Available,Available,Available,Available,32.0
2765,NISSAN,FB14,1998,1490.0,Automatic,Petrol,297000.0,Chilaw,2024-12-23,No Leasing,USED,Available,Available,Available,Available,28.5
3929,PEUGEOT,505,1986,2000.0,Manual,Diesel,429000.0,Panadura,2025-01-04,No Leasing,USED,Available,Not_Available,Available,Available,9.5
6798,TOYOTA,ALLION 240,2005,1500.0,Automatic,Petrol,220000.0,Wennappuwa,2025-01-25,No Leasing,USED,Available,Available,Available,Available,77.25
8545,TOYOTA,PREMIO,2018,1500.0,Automatic,Petrol,77000.0,Homagama,2025-01-31,No Leasing,USED,Available,Available,Available,Available,175.0
7173,TOYOTA,AQUA S GRADE,2012,1500.0,Automatic,Hybrid,143000.0,Matara,2025-01-28,No Leasing,USED,Available,Available,Available,Available,70.5
6101,SUZUKI,WAGON R FZ PREMIUM,2018,650.0,Automatic,Hybrid,77000.0,Gampaha,2024-12-06,No Leasing,USED,Available,Available,Available,Available,67.5
628,HONDA,FIT GE6,2007,1330.0,Automatic,Petrol,198000.0,Galle,2024-12-13,No Leasing,USED,Available,Available,Available,Available,54.5
2451,NISSAN,B11,1985,1300.0,Manual,Petrol,440000.0,Gampaha,2024-12-08,No Leasing,USED,Available,Not_Available,Not_Available,Not_Available,8.1
7679,TOYOTA,CARINA,1989,1970.0,Manual,Diesel,396000.0,Matara,2024-12-17,No Leasing,USED,Available,Available,Available,Available,15.5
8687,TOYOTA,PREMIO G SUPERIOR,2016,1760.0,Automatic,Petrol,99000.0,Gampaha,2025-02-02,No Leasing,USED,Available,Available,Available,Available,168.5
3824,PERODUA,VIVA ELITE,2011,1000.0,Manual,Petrol,154000.0,Kaduwela,2024-12-30,No Leasing,USED,Available,Available,Available,Available,40.82627118644068
8783,TOYOTA,PRIUS,2009,1716.0,Automatic,Hybrid,176000.0,Kurunegala,2025-01-17,No Leasing,USED,Available,Available,Available,Available,85.0
2652,NISSAN,FB12 SUNNY,1987,1490.0,Manual,Petrol,418000.0,Kandy,2025-01-05,No Leasing,USED,Available,Available,Not_Available,Not_Available,13.5
8913,TOYOTA,PRIUS ZVW50,2016,1800.0,Automatic,Petrol,99000.0,Colombo,2025-01-11,No Leasing,USED,Available,Available,Available,Available,170.75
3743,PERODUA,VIVA ELITE,2011,1000.0,Automatic,Petrol,154000.0,Gampaha,2025-01-31,No Leasing,USED,Available,Available,Available,Available,42.75
2176,MITSUBISHI,LANCER BOX,1988,1400.0,Manual,Petrol,407000.0,Kesbewa,2025-02-05,No Leasing,USED,Available,Not_Available,Available,Not_Available,12.5
9695,TOYOTA,YARIS,2006,1300.0,Automatic,Petrol,209000.0,Kadawatha,2025-01-27,No Leasing,USED,Available,Available,Available,Available,59.75
9066,TOYOTA,TOYOTA,1997,1200.0,Manual,Petrol,308000.0,Gampaha,2025-01-29,No Leasing,USED,Available,Not_Available,Not_Available,Not_Available,8.0
3318,NISSAN,PRESEA,2000,1500.0,Manual,Petrol,275000.0,Anuradapura,2025-01-30,No Leasing,USED,Available,Available,Available,Available,26.5
6586,TATA,NANO,2017,800.0,Automatic,Petrol,88000.0,Kalutara,2025-02-01,Ongoing Lease,USED,Available,Available,Not_Available,Available,19.9
2787,NISSAN,FB14 SUPER SALOON,1998,1500.0,Manual,Petrol,297000.0,Hambantota,2025-01-14,No Leasing,USED,Available,Available,Available,Available,31.9
4105,SUZUKI,ALTO,2015,800.0,Manual,Petrol,110000.0,Embilipitiya,2025-02-05,No Leasing,USED,Available,Available,Available,Available,33.02984496124031
6060,SUZUKI,WAGON R FZ,2014,660.0,Automatic,Hybrid,121000.0,Battaramulla,2025-01-20,No Leasing,USED,Available,Available,Available,Available,54.99
1676,MERCEDES-BENZ,C200,2016,1500.0,Automatic,Petrol,99000.0,Negombo,2025-02-04,No Leasing,USED,Available,Available,Available,Available,243.0
3947,PROTON,SAGA,2011,1411.0,Automatic,Petrol,154000.0,Veyangoda,2025-01-30,Ongoing Lease,USED,Available,Available,Available,Available,9.95
4444,SUZUKI,ALTO,2007,800.0,Manual,Petrol,198000.0,Polonnaruwa,2024-12-13,No Leasing,USED,Available,Available,Not_Available,Not_Available,24.0195
2936,NISSAN,FB15 SUPER,1998,1500.0,Automatic,Petrol,297000.0,Kandy,2025-02-05,No Leasing,USED,Not_Available,Available,Not_Available,Available,35.75
9384,TOYOTA,VITZ,2010,990.0,Automatic,Petrol,165000.0,Ampara,2025-01-01,No Leasing,USED,Available,Available,Available,Available,56.0
9295,TOYOTA,VITZ,2007,1000.0,Automatic,Petrol,198000.0,Horana,2025-01-09,No Leasing,USED,Available,Available,Available,Available,49.5
5722,SUZUKI,WAGON R,2014,660.0,Automatic,Petrol,121000.0,Kaduwela,2025-02-05,No Leasing,USED,Available,Available,Available,Available,58.5
7509,TOYOTA,AXIO WXB,2017,1490.0,Automatic,Hybrid,88000.0,Dehiwala-Mount-Lavinia,2024-12-15,No Leasing,USED,Available,Available,Available,Available,139.5
2503,NISSAN,BLUEBIRD,1984,1800.0,Manual,Diesel,451000.0,Colombo,2025-01-09,No Leasing,USED,Available,Available,Not_Available,Available,13.0
8298,TOYOTA,DX WAGON,1986,1300.0,Manual,Petrol,429000.0,Wennappuwa,2025-02-01,No Leasing,USED,Available,Not_Available,Not_Available,Not_Available,11.9
2369,MORRIS,MINI COOPER,1998,1300.0,Manual,Petrol,297000.0,Avissawella,2025-01-27,No Leasing,USED,Available,Not_Available,Not_Available,Not_Available,38.5
4967,SUZUKI,ESTILO,2010,1000.0,Manual,Petrol,165000.0,Colombo,2025-01-16,No Leasing,USED,Available,Available,Available,Available,32.9
2217,MITSUBISHI,LANCER BOX,1981,1400.0,Manual,Petrol,484000.0,Welimada,2025-01-02,No Leasing,USED,Available,Not_Available,Not_Available,Not_Available,6.6
2218,MITSUBISHI,LANCER BOX,1981,1400.0,Manual,Petrol,484000.0,Polgahawela,2025-01-02,No Leasing,USED,Available,Not_Available,Not_Available,Not_Available,10.9
3326,NISSAN,PRESEA R11,2001,1500.0,Automatic,Petrol,264000.0,Dehiwala-Mount-Lavinia,2024-12-16,No Leasing,USED,Available,Available,Available,Available,29.8
6423,SUZUKI,WAGON R STINGRAY,2015,650.0,Automatic,Petrol,110000.0,Polonnaruwa,2024-12-11,No Leasing,USED,Available,Available,Not_Available,Available,55.18870967741937
3583,NISSAN,VANETTE,2001,2000.0,Automatic,Diesel,264000.0,Gampaha,2025-02-05,No Leasing,USED,Available,Available,Not_Available,Available,18.75
9616,TOYOTA,VITZ SAFETY,2016,1000.0,Automatic,Petrol,99000.0,Matara,2025-01-16,No Leasing,USED,Available,Available,Available,Available,79.9
7820,TOYOTA,COROLLA,1988,1500.0,Manual,Petrol,407000.0,Hanwella,2024-12-17,No Leasing,USED,Not_Available,Available,Not_Available,Not_Available,13.3875
7345,TOYOTA,AXIO,2012,1500.0,Automatic,Petrol,143000.0,Boralesgamuwa,2025-01-02,No Leasing,USED,Available,Available,Available,Available,84.0
6134,SUZUKI,WAGON R FZ SAFETY,2016,650.0,Automatic,Petrol,99000.0,Gampaha,2024-12-21,No Leasing,USED,Available,Available,Available,Available,57.0
3115,NISSAN,MARCH AK12,2003,1300.0,Automatic,Petrol,242000.0,Panadura,2025-02-01,No Leasing,USED,Available,Available,Available,Available,34.5
85,BMW,318I,2018,1500.0,Automatic,Petrol,77000.0,Nugegoda,2025-01-27,No Leasing,USED,Available,Available,Available,Available,271.25
2801,NISSAN,FB15,2000,1500.0,Automatic,Petrol,275000.0,Kurunegala,2025-02-04,No Leasing,USED,Available,Available,Not_Available,Available,36.35
3671,PERODUA,KELISA,2006,1000.0,Automatic,Petrol,209000.0,Piliyandala,2025-02-05,No Leasing,USED,Available,Available,Available,Available,32.9
3667,PERODUA,KANCIL,2001,850.0,Manual,Petrol,264000.0,Colombo,2025-02-03,No Leasing,USED,Available,Not_Available,Available,Available,13.75
9586,TOYOTA,VITZ KSP90,2007,1000.0,Automatic,Petrol,198000.0,Malabe,2025-01-11,No Leasing,USED,Available,Available,Available,Available,54.5
8038,TOYOTA,COROLLA AE110,1997,1500.0,Automatic,Petrol,308000.0,Galle,2025-02-05,No Leasing,USED,Available,Available,Available,Available,39.25
5725,SUZUKI,WAGON R,2017,650.0,Automatic,Petrol,88000.0,Colombo,2025-02-05,No Leasing,USED,Available,Available,Available,Not_Available,65.75
4590,SUZUKI,ALTO JAPAN,2003,650.0,Automatic,Petrol,242000.0,Gampaha,2025-02-04,No Leasing,USED,Available,Available,Available,Available,32.15
2019,MICRO,PANDA LC 1.0,2018,1000.0,Manual,Petrol,77000.0,Malabe,2025-02-03,No Leasing,USED,Available,Available,Available,Available,33.9
7463,TOYOTA,AXIO G GRADE,2015,1490.0,Automatic,Hybrid,110000.0,Kegalle,2024-12-28,No Leasing,USED,Available,Available,Available,Available,111.93333333333334
2525,NISSAN,BLUEBIRD EU11,1988,1950.0,Manual,Diesel,407000.0,Kalutara,2025-01-30,Ongoing Lease,USED,Not_Available,Available,Not_Available,Not_Available,15.0
9414,TOYOTA,VITZ,2007,1300.0,Automatic,Petrol,198000.0,Dehiwala-Mount-Lavinia,2024-12-25,No Leasing,USED,Available,Available,Available,Available,57.5
5937,SUZUKI,WAGON R FX,2017,650.0,Automatic,Petrol,88000.0,Kiribathgoda,2025-01-31,No Leasing,USED,Available,Available,Available,Available,59.31190476190476
3212,NISSAN,MARCH TURBO K10,1990,1300.0,Manual,Petrol,385000.0,Gampaha,2025-01-19,No Leasing,USED,Not_Available,Available,Not_Available,Not_Available,14.75
519,HONDA,CIVIC EK3,1997,1500.0,Automatic,Petrol,308000.0,Colombo,2025-01-02,Ongoing Lease,USED,Available,Available,Available,Available,38.0
5366,SUZUKI,SPACIA,2015,650.0,Automatic,Hybrid,110000.0,Kottawa,2025-02-03,No Leasing,USED,Available,Available,Available,Available,53.65
6451,SUZUKI,WAGON R STINGRAY J STYLE,2015,640.0,Automatic,Petrol,110000.0,Wattala,2025-01-31,No Leasing,USED,Available,Available,Available,Available,57.0
2895,NISSAN,FB15,2003,1500.0,Automatic,Petrol,242000.0,Divulapitiya,2024-12-16,No Leasing,USED,Available,Available,Available,Available,44.75
244,DAEWOO,DAEWOO,1996,1500.0,Automatic,Petrol,319000.0,Kurunegala,2025-01-10,Ongoing Lease,USED,Available,Available,Not_Available,Available,17.5
4714,SUZUKI,ALTO K10,2011,998.0,Manual,Petrol,154000.0,Kadawatha,2025-01-29,No Leasing,USED,Available,Available,Not_Available,Available,27.95
9010,TOYOTA,STARLET EP82 X LIMITED,1993,1300.0,Manual,Petrol,352000.0,Colombo,2025-01-31,No Leasing,USED,Available,Available,Available,Available,28.6
3425,NISSAN,SUNNY,1990,1400.0,Manual,Petrol,385000.0,Kurunegala,2024-12-22,No Leasing,USED,Available,Available,Not_Available,Not_Available,17.25
7503,TOYOTA,AXIO WXB,2017,1498.0,Automatic,Petrol,88000.0,Colombo,2025-01-03,No Leasing,USED,Available,Available,Available,Available,139.0
6968,TOYOTA,AQUA,2012,1490.0,Automatic,Hybrid,143000.0,Matara,2025-01-16,No Leasing,USED,Available,Available,Available,Available,68.0
9709,TOYOTA,YARIS,2006,1300.0,Automatic,Petrol,209000.0,Gampaha,2024-12-29,No Leasing,USED,Available,Available,Available,Available,61.5
5888,SUZUKI,WAGON R,2018,650.0,Automatic,Petrol,77000.0,Kuliyapitiya,2024-12-18,No Leasing,USED,Available,Available,Available,Available,73.9
6912,TOYOTA,ALLION G GRADE,2007,1500.0,Automatic,Petrol,198000.0,Colombo,2025-01-31,No Leasing,USED,Available,Available,Available,Available,86.5
5509,SUZUKI,SWIFT,2007,1300.0,Automatic,Petrol,198000.0,Colombo,2025-01-15,No Leasing,USED,Available,Available,Available,Available,51.5
2001,MICRO,PANDA CROSS,2017,1000.0,Manual,Petrol,88000.0,Malabe,2025-01-01,No Leasing,USED,Available,Available,Available,Available,36.75
885,HONDA,FIT GP5 SAFETY,2014,1000.0,Automatic,Petrol,121000.0,Matara,2025-02-01,No Leasing,USED,Available,Available,Available,Available,80.9
869,HONDA,FIT GP5 S GRADE,2014,1500.0,Automatic,Hybrid,121000.0,Kandy,2025-01-28,No Leasing,USED,Available,Available,Available,Available,85.5
5720,SUZUKI,WAGON R,2014,650.0,Automatic,Petrol,121000.0,Vavuniya,2025-02-05,No Leasing,USED,Available,Available,Available,Available,56.5
356,DATSUN,REDI-GO,2016,800.0,Manual,Petrol,99000.0,Kadawatha,2025-01-17,No Leasing,USED,Available,Available,Not_Available,Available,28.5
9696,TOYOTA,YARIS,2014,1300.0,Automatic,Petrol,121000.0,Wennappuwa,2025-01-26,Ongoing Lease,USED,Available,Available,Available,Available,72.92500000000001
5451,SUZUKI,SPACIA CUSTOM Z,2017,718.0,Automatic,Petrol,88000.0,Colombo,2025-01-07,No Leasing,USED,Available,Available,Available,Available,49.16666666666667
7810,TOYOTA,COROLLA,1991,1500.0,Manual,Petrol,374000.0,Nittambuwa,2024-12-29,No Leasing,USED,Available,Available,Available,Available,16.0
7342,TOYOTA,AXIO,2015,1500.0,Automatic,Hybrid,110000.0,Wattala,2025-01-03,No Leasing,USED,Available,Available,Available,Available,112.63636363636364
1275,HYUNDAI,SONATA,1999,1997.0,Automatic,Petrol,286000.0,Minuwangoda,2025-02-01,No Leasing,USED,Available,Available,Available,Available,18.9
1890,MICRO,PANDA,2013,1000.0,Manual,Petrol,132000.0,Malabe,2025-01-31,No Leasing,USED,Available,Available,Available,Available,23.134615384615383
8498,TOYOTA,PASSO HANA KGC30,2010,1000.0,Automatic,Petrol,165000.0,Malabe,2025-01-11,No Leasing,USED,Available,Available,Available,Available,51.9
7404,TOYOTA,AXIO 141,2008,1300.0,Automatic,Petrol,187000.0,Galle,2025-01-19,Ongoing Lease,USED,Available,Available,Available,Not_Available,80.0
8986,TOYOTA,STARLET,1991,1300.0,Manual,Petrol,374000.0,Kandy,2024-12-17,No Leasing,USED,Available,Available,Available,Not_Available,22.5
3563,NISSAN,TRAD SUNNY,1987,1500.0,Manual,Petrol,418000.0,Kurunegala,2024-12-17,No Leasing,USED,Available,Available,Available,Available,13.0
5787,SUZUKI,WAGON R,2018,660.0,Automatic,Hybrid,77000.0,Dambulla,2025-01-14,No Leasing,USED,Available,Available,Available,Not_Available,69.56041666666667
4958,SUZUKI,ESTILO,2010,1000.0,Manual,Petrol,165000.0,Colombo,2025-02-02,No Leasing,USED,Available,Available,Available,Available,31.9
7904,TOYOTA,COROLLA 121,2003,1500.0,Automatic,Petrol,242000.0,Padukka,2025-01-23,No Leasing,USED,Available,Available,Available,Available,53.58333333333333
2380,NISSAN,AD WAGON,2003,1290.0,Automatic,Petrol,242000.0,Galle,2025-02-02,No Leasing,USED,Available,Available,Available,Available,28.5
3823,PERODUA,VIVA ELITE,2012,1000.0,Automatic,Petrol,143000.0,Piliyandala,2024-12-30,No Leasing,USED,Available,Available,Available,Available,45.0
8124,TOYOTA,COROLLA E80,1996,1350.0,Manual,Petrol,319000.0,Kalutara,2025-01-17,No Leasing,USED,Available,Not_Available,Not_Available,Not_Available,10.0
8216,TOYOTA,CORONA AT150,1987,1500.0,Manual,Petrol,418000.0,Elpitiya,2024-12-22,No Leasing,USED,Available,Available,Available,Not_Available,9.0
3306,NISSAN,N17 EX SALOON,2008,1300.0,Automatic,Petrol,187000.0,Galle,2024-12-22,No Leasing,USED,Available,Available,Available,Available,46.9
492,HONDA,CIVIC,2017,1000.0,Automatic,Petrol,88000.0,Colombo,2025-01-25,No Leasing,USED,Available,Available,Available,Available,120.75
3499,NISSAN,SUNNY SB14 EX SALOON,1998,1970.0,Automatic,Diesel,297000.0,Kandana,2025-02-01,No Leasing,USED,Available,Available,Available,Available,24.9
6360,SUZUKI,WAGON R STINGRAY,2014,660.0,Automatic,Petrol,121000.0,Gampaha,2024-12-27,No Leasing,USED,Available,Available,Available,Available,55.34558823529412
1116,HONDA,STARLET 90 LIMITED,1996,1300.0,Automatic,Diesel,319000.0,Pannipitiya,2025-01-24,No Leasing,USED,Available,Available,Available,Available,30.25
5637,SUZUKI,SWIFT CENTER ANTENNA,2004,1300.0,Automatic,Petrol,231000.0,Nittambuwa,2025-02-04,No Leasing,USED,Available,Available,Available,Available,39.9
8583,TOYOTA,PREMIO,2017,1500.0,Automatic,Petrol,88000.0,Colombo,2025-01-20,No Leasing,USED,Available,Available,Available,Available,183.0
9657,TOYOTA,WAGON,1990,1970.0,Manual,Diesel,385000.0,Horana,2025-01-09,No Leasing,USED,Available,Not_Available,Not_Available,Not_Available,7.95
8584,TOYOTA,PREMIO,2011,1500.0,Automatic,Petrol,154000.0,Kandy,2025-01-19,No Leasing,USED,Available,Available,Available,Available,113.5
6399,SUZUKI,WAGON R STINGRAY,2018,660.0,Automatic,Hybrid,77000.0,Kalutara,2024-12-19,No Leasing,USED,Available,Available,Available,Available,69.0
8524,TOYOTA,PREMIO,1999,1800.0,Automatic,Petrol,286000.0,Kurunegala,2025-02-04,No Leasing,USED,Available,Available,Available,Available,43.5
7591,TOYOTA,BELTA,2009,1000.0,Automatic,Petrol,176000.0,Kandy,2024-12-19,No Leasing,USED,Available,Available,Available,Available,64.0
3645,PERODUA,AXIA,2015,1000.0,Automatic,Petrol,110000.0,Panadura,2024-12-17,No Leasing,USED,Available,Available,Available,Available,53.95
2500,NISSAN,BLUEBIRD,2000,1800.0,Automatic,Petrol,275000.0,Kandy,2025-01-15,No Leasing,USED,Available,Available,Available,Available,32.0
5677,SUZUKI,SWIFT KEI,2003,650.0,Automatic,Petrol,242000.0,Piliyandala,2025-02-05,No Leasing,USED,Available,Available,Available,Available,34.95
5241,SUZUKI,MARUTI,2004,800.0,Manual,Petrol,231000.0,Kurunegala,2024-12-16,No Leasing,USED,Available,Not_Available,Not_Available,Not_Available,14.8
6217,SUZUKI,WAGON R STINGRAY,2018,650.0,Automatic,Petrol,77000.0,Nattandiya,2025-02-02,No Leasing,USED,Available,Available,Available,Not_Available,69.99999
2783,NISSAN,FB14 SUPER SALOON,1999,1500.0,Automatic,Petrol,286000.0,Divulapitiya,2025-02-02,No Leasing,USED,Available,Available,Available,Available,29.5
3809,PERODUA,VIVA ELITE,2009,1000.0,Automatic,Petrol,176000.0,Galle,2025-01-20,No Leasing,USED,Available,Available,Available,Available,40.5
9570,TOYOTA,VITZ KSP90,2007,1000.0,Automatic,Petrol,198000.0,Boralesgamuwa,2025-02-02,No Leasing,USED,Available,Available,Available,Available,54.75
8458,TOYOTA,PASSO,2007,1000.0,Automatic,Petrol,198000.0,Kurunegala,2025-01-06,No Leasing,USED,Available,Available,Available,Available,48.75
7446,TOYOTA,AXIO G GRADE,2016,1500.0,Automatic,Petrol,99000.0,Ragama,2025-01-29,No Leasing,USED,Available,Available,Available,Available,122.0
1696,MERCEDES-BENZ,C200 COUPE SPORT,2001,2000.0,Automatic,Petrol,264000.0,Colombo,2024-12-21,No Leasing,USED,Available,Available,Available,Available,87.5
5685,SUZUKI,SWIFT RS,2017,1200.0,Automatic,Petrol,88000.0,Ja-Ela,2025-02-02,No Leasing,USED,Available,Available,Available,Available,81.75
6839,TOYOTA,ALLION 260,2011,1500.0,Automatic,Petrol,154000.0,Ambalangoda,2025-02-02,No Leasing,USED,Available,Available,Available,Available,97.5
2052,MICRO,TREND,2012,1075.0,Manual,Petrol,143000.0,Galle,2024-12-11,No Leasing,USED,Available,Available,Not_Available,Available,17.5
1776,MERCEDES-BENZ,S400 LONG WHEEL BASE,2015,3500.0,Automatic,Petrol,110000.0,Colombo,2025-02-05,No Leasing,USED,Available,Available,Available,Available,550.0
6259,SUZUKI,WAGON R STINGRAY,2017,650.0,Automatic,Hybrid,88000.0,Jaffna,2025-01-16,No Leasing,USED,Available,Available,Available,Available,68.31290322580645
3313,NISSAN,P11 PRIMERA,1998,1785.0,Automatic,Petrol,297000.0,Kurunegala,2024-12-29,No Leasing,USED,Available,Available,Available,Available,31.0
4781,SUZUKI,ALTO LXI,2015,800.0,Manual,Petrol,110000.0,Malabe,2025-01-11,No Leasing,USED,Available,Available,Not_Available,Not_Available,32.25
8281,TOYOTA,DOLPHIN LH113,1994,2800.0,Automatic,Diesel,341000.0,Homagama,2025-01-07,No Leasing,USED,Available,Available,Not_Available,Not_Available,58.5
6468,SUZUKI,WAGON R STINGRAY J STYLE,2014,660.0,Automatic,Hybrid,121000.0,Matugama,2024-12-22,Ongoing Lease,USED,Available,Available,Available,Available,57.75
1592,MAZDA,FAMILIA 323,2000,1373.0,Automatic,Petrol,275000.0,Matale,2025-01-13,No Leasing,USED,Available,Available,Available,Available,32.5
1723,MERCEDES-BENZ,CLA 200 AMG PREMIUM,2014,1600.0,Automatic,Petrol,121000.0,Nugegoda,2025-01-30,No Leasing,USED,Available,Available,Available,Available,179.0
215,CHEVROLET,CRUZE,2006,1300.0,Automatic,Petrol,209000.0,Colombo,2025-02-02,No Leasing,USED,Available,Available,Available,Available,37.0
8186,TOYOTA,CORONA,1991,1490.0,Manual,Petrol,374000.0,Pannipitiya,2025-02-02,No Leasing,USED,Available,Available,Available,Available,16.75
9131,TOYOTA,VIOS JAPAN,2003,1500.0,Automatic,Petrol,242000.0,Polonnaruwa,2025-01-15,No Leasing,USED,Available,Available,Available,Available,46.75
490,HONDA,CIVIC,1989,1500.0,Manual,Petrol,396000.0,Kalutara,2025-01-28,No Leasing,USED,Available,Available,Available,Available,14.75
8938,TOYOTA,SPRINTER,1990,2000.0,Manual,Diesel,385000.0,Ambalangoda,2025-01-18,No Leasing,USED,Available,Available,Not_Available,Available,15.5
3483,NISSAN,SUNNY FB15,2002,1500.0,Automatic,Petrol,253000.0,Kurunegala,2024-12-25,No Leasing,USED,Available,Available,Available,Available,45.25
5102,SUZUKI,MARUTI,2005,800.0,Manual,Petrol,220000.0,Malabe,2025-01-29,No Leasing,USED,Available,Not_Available,Not_Available,Not_Available,16.5
5187,SUZUKI,MARUTI,2011,800.0,Manual,Petrol,154000.0,Gampaha,2025-01-19,No Leasing,USED,Available,Not_Available,Not_Available,Not_Available,20.75
3431,NISSAN,SUNNY,1990,1428.0,Manual,Petrol,385000.0,Anuradapura,2024-12-07,No Leasing,USED,Available,Available,Available,Available,18.0
6001,SUZUKI,WAGON R FZ,2017,650.0,Automatic,Hybrid,88000.0,Kurunegala,2025-02-04,No Leasing,USED,Available,Available,Available,Available,62.0
7348,TOYOTA,AXIO,2013,1490.0,Automatic,Hybrid,132000.0,Mulleriyawa,2024-12-31,No Leasing,USED,Available,Available,Available,Available,95.0
5513,SUZUKI,SWIFT,2009,1240.0,Automatic,Petrol,176000.0,Marawila,2025-01-14,No Leasing,USED,Available,Available,Available,Available,55.0
25,AUDI,A4,2012,2000.0,Automatic,Diesel,143000.0,Kandana,2025-01-15,No Leasing,USED,Available,Available,Available,Available,169.0
3512,NISSAN,SYLPHY,2000,1499.0,Automatic,Petrol,275000.0,Nittambuwa,2025-01-31,No Leasing,USED,Available,Available,Available,Available,39.75
2409,NISSAN,AD WAGON Y11,2000,1500.0,Automatic,Petrol,275000.0,Wattala,2025-02-04,No Leasing,USED,Available,Available,Not_Available,Available,27.2
3270,NISSAN,N16 SUNNY EX SALOON,2001,1500.0,Automatic,Petrol,264000.0,Galle,2024-12-23,No Leasing,USED,Available,Available,Available,Available,36.5
5209,SUZUKI,MARUTI,2010,800.0,Manual,Petrol,165000.0,Ja-Ela,2024-12-27,No Leasing,USED,Available,Not_Available,Not_Available,Not_Available,19.134375
8523,TOYOTA,PREMIO,2007,1500.0,Automatic,Petrol,198000.0,Dehiwala-Mount-Lavinia,2025-02-04,No Leasing,USED,Available,Available,Available,Available,87.5
1552,MAZDA,FAMILIA,1989,1320.0,Manual,Petrol,396000.0,Negombo,2025-02-03,No Leasing,USED,Available,Available,Not_Available,Not_Available,15.75
9000,TOYOTA,STARLET EP82,1993,1300.0,Manual,Petrol,352000.0,Mawanella,2025-02-01,No Leasing,USED,Available,Available,Not_Available,Not_Available,25.5
8433,TOYOTA,PASSO,2007,1000.0,Automatic,Petrol,198000.0,Kadawatha,2025-02-05,No Leasing,USED,Available,Available,Available,Available,43.75
3871,PERODUA,VIVA ELITE PREMIUM,2011,1000.0,Automatic,Petrol,154000.0,Colombo,2025-02-04,No Leasing,USED,Available,Available,Available,Available,39.95
3402,NISSAN,SB14,1996,1970.0,Automatic,Diesel,319000.0,Kurunegala,2025-01-26,No Leasing,USED,Available,Available,Available,Available,24.25
4529,SUZUKI,ALTO 800,2015,796.0,Manual,Petrol,110000.0,Nittambuwa,2024-12-28,No Leasing,USED,Available,Available,Not_Available,Available,33.9
979,HONDA,GRACE EX,2017,1500.0,Automatic,Petrol,88000.0,Bandarawela,2025-01-12,No Leasing,USED,Available,Available,Available,Available,121.0
2655,NISSAN,FB12 TRAD SUNNY,1987,1500.0,Manual,Petrol,418000.0,Kadawatha,2025-01-06,No Leasing,USED,Available,Available,Available,Available,15.49375
1847,MICRO,MX7,2014,1500.0,Manual,Petrol,121000.0,Pannala,2024-12-20,Ongoing Lease,USED,Available,Available,Available,Available,34.0
7590,TOYOTA,BELTA,2012,1000.0,Automatic,Petrol,143000.0,Kandy,2024-12-19,No Leasing,USED,Available,Available,Available,Available,68.0
7914,TOYOTA,COROLLA 121,2001,1500.0,Automatic,Petrol,264000.0,Tangalle,2024-12-24,No Leasing,USED,Available,Available,Available,Available,54.0
9248,TOYOTA,VITZ,2018,1000.0,Automatic,Petrol,77000.0,Panadura,2025-01-28,No Leasing,USED,Available,Available,Available,Available,90.70925925925924
6955,TOYOTA,AQUA,2012,1500.0,Automatic,Petrol,143000.0,Homagama,2025-02-01,No Leasing,USED,Available,Available,Available,Available,66.5
5721,SUZUKI,WAGON R,2017,660.0,Automatic,Petrol,88000.0,Kalutara,2025-02-05,No Leasing,USED,Available,Available,Available,Available,60.0
515,HONDA,CIVIC EK3,1996,1450.0,Manual,Petrol,319000.0,Moratuwa,2025-01-22,No Leasing,USED,Available,Available,Available,Available,35.0
7131,TOYOTA,AQUA G GRADE,2014,1500.0,Automatic,Hybrid,121000.0,Hikkaduwa,2025-01-04,No Leasing,USED,Available,Available,Available,Available,71.75
8025,TOYOTA,COROLLA AE100,1992,1300.0,Manual,Petrol,363000.0,Kiribathgoda,2025-01-10,No Leasing,USED,Available,Available,Not_Available,Not_Available,20.7
1102,HONDA,N WGN,2017,650.0,Automatic,Petrol,88000.0,Kurunegala,2024-12-20,No Leasing,USED,Available,Available,Available,Available,68.0
3276,NISSAN,N16 SUPER SALOON,2000,1590.0,Automatic,Petrol,275000.0,Kurunegala,2025-02-02,No Leasing,USED,Available,Available,Available,Available,37.75
6879,TOYOTA,ALLION 260,2013,1490.0,Automatic,Petrol,132000.0,Chilaw,2024-12-10,No Leasing,USED,Available,Available,Available,Available,126.75
9338,TOYOTA,VITZ,2007,1000.0,Automatic,Petrol,198000.0,Colombo,2025-01-24,No Leasing,USED,Available,Available,Available,Available,57.5
8883,TOYOTA,PRIUS C AQUA,2014,1500.0,Automatic,Hybrid,121000.0,Colombo,2025-01-10,Ongoing Lease,USED,Available,Available,Available,Available,82.0
8115,TOYOTA,COROLLA DX WAGON,1987,1500.0,Manual,Petrol,418000.0,Gampaha,2025-01-03,No Leasing,USED,Available,Available,Available,Available,15.1
3996,RENAULT,KWID,2017,800.0,Manual,Petrol,88000.0,Colombo,2025-01-05,No Leasing,USED,Available,Available,Available,Available,30.5
194,CHERY,QQ,2009,800.0,Manual,Petrol,176000.0,Matara,2024-12-16,No Leasing,USED,Available,Available,Available,Available,14.95
4711,SUZUKI,ALTO K10,2015,1000.0,Manual,Petrol,110000.0,Dompe,2025-01-31,No Leasing,USED,Available,Available,Not_Available,Available,38.0
643,HONDA,FIT GP1,2011,1390.0,Automatic,Petrol,154000.0,Gampaha,2025-02-03,No Leasing,USED,Available,Available,Available,Available,61.63125
8206,TOYOTA,CORONA,1997,2000.0,Automatic,Diesel,308000.0,Anuradapura,2024-12-19,No Leasing,USED,Available,Available,Available,Available,37.5
3285,NISSAN,N17,2005,1500.0,Automatic,Petrol,220000.0,Anuradapura,2025-02-05,No Leasing,USED,Available,Available,Available,Available,47.5
3116,NISSAN,MARCH AK12,2003,1300.0,Automatic,Petrol,242000.0,Moratuwa,2025-02-01,No Leasing,USED,Available,Available,Available,Available,35.5
6177,SUZUKI,WAGON R STINGRAY,2014,650.0,Automatic,Hybrid,121000.0,Wattala,2025-02-05,No Leasing,USED,Available,Available,Available,Available,52.75
3575,NISSAN,TRAD SUNNY HB12,1988,1500.0,Manual,Petrol,407000.0,Kelaniya,2025-01-10,No Leasing,NEW,Available,Available,Not_Available,Not_Available,14.7
8829,TOYOTA,PRIUS,2011,1800.0,Automatic,Hybrid,154000.0,Gampaha,2024-12-30,No Leasing,USED,Available,Available,Available,Available,90.95
4320,SUZUKI,ALTO,2014,800.0,Manual,Petrol,121000.0,Colombo,2025-01-04,No Leasing,USED,Available,Available,Available,Available,31.75
9781,ZOTYE,Z100,2019,998.0,Manual,Petrol,66000.0,Nittambuwa,2024-12-29,No Leasing,USED,Available,Available,Available,Available,28.0
2207,MITSUBISHI,LANCER BOX,1983,1500.0,Manual,Petrol,462000.0,Elpitiya,2025-01-27,No Leasing,USED,Available,Not_Available,Not_Available,Available,10.25
4552,SUZUKI,ALTO 800,2011,800.0,Manual,Petrol,154000.0,Colombo,2024-12-10,No Leasing,NEW,Available,Not_Available,Not_Available,Not_Available,28.65000000000001
7853,TOYOTA,COROLLA 110,2001,1500.0,Manual,Petrol,264000.0,Kandy,2024-12-25,No Leasing,USED,Available,Available,Not_Available,Available,35.0
3718,PERODUA,VIVA ELITE,2011,1000.0,Manual,Petrol,154000.0,Galle,2025-02-03,Ongoing Lease,USED,Available,Available,Available,Available,38.5
972,HONDA,GRACE EX,2016,1500.0,Automatic,Hybrid,99000.0,Kandy,2025-02-02,No Leasing,USED,Available,Available,Available,Available,115.0
4579,SUZUKI,ALTO AVEO,2007,1000.0,Manual,Petrol,198000.0,Nittambuwa,2025-02-04,No Leasing,USED,Available,Available,Not_Available,Not_Available,25.9
719,HONDA,FIT GP1 NAVI PREMIUM,2012,1300.0,Automatic,Hybrid,143000.0,Kandy,2025-01-04,No Leasing,USED,Available,Available,Available,Available,71.25
6213,SUZUKI,WAGON R STINGRAY,2018,650.0,Automatic,Petrol,77000.0,Colombo,2025-02-02,No Leasing,USED,Available,Available,Available,Available,69.0
9230,TOYOTA,VITZ,2018,1000.0,Automatic,Petrol,77000.0,Hambantota,2025-01-31,No Leasing,USED,Available,Available,Available,Available,85.0
3896,PEUGEOT,405 GLD,1995,1900.0,Manual,Diesel,330000.0,Kandy,2025-02-01,No Leasing,USED,Available,Available,Available,Available,12.85
2803,NISSAN,FB15,2001,1500.0,Automatic,Petrol,264000.0,Anuradapura,2025-02-04,No Leasing,USED,Available,Not_Available,Not_Available,Not_Available,54.25
2566,NISSAN,CEFIRO,2004,2300.0,Automatic,Petrol,231000.0,Kandy,2025-02-03,Ongoing Lease,USED,Available,Available,Available,Available,56.0
4025,RENAULT,LAGUNA,2004,1500.0,Manual,Petrol,231000.0,Panadura,2024-12-08,No Leasing,USED,Available,Available,Available,Available,29.5
32,AUDI,A4,2010,1800.0,Automatic,Petrol,165000.0,Gampaha,2024-12-26,No Leasing,USED,Available,Available,Available,Available,100.0
9519,TOYOTA,VITZ EDITION 2,2018,1000.0,Automatic,Petrol,77000.0,Negombo,2025-02-04,No Leasing,USED,Available,Available,Available,Available,90.1375
8639,TOYOTA,PREMIO 260,2008,1500.0,Automatic,Petrol,187000.0,Colombo,2024-12-26,No Leasing,USED,Available,Available,Available,Available,92.0
9610,TOYOTA,VITZ RS TURBO,2003,1500.0,Manual,Petrol,242000.0,Dehiwala-Mount-Lavinia,2025-01-23,No Leasing,USED,Available,Available,Available,Available,55.9
4063,SUZUKI,A-STAR,2011,1000.0,Manual,Petrol,154000.0,Kurunegala,2025-01-17,No Leasing,USED,Available,Available,Not_Available,Available,37.5
9513,TOYOTA,VITZ EDITION 2,2018,1000.0,Automatic,Petrol,77000.0,Colombo,2025-02-05,No Leasing,USED,Available,Available,Available,Available,87.0
5540,SUZUKI,SWIFT,2003,1360.0,Automatic,Petrol,242000.0,Anuradapura,2025-01-28,No Leasing,USED,Available,Available,Available,Available,38.5
1697,MERCEDES-BENZ,C200 PREMIUM PLUS,2020,1500.0,Automatic,Petrol,55000.0,Maharagama,2025-01-31,No Leasing,USED,Available,Not_Available,Not_Available,Not_Available,315.0
2792,NISSAN,FB15,2000,1500.0,Automatic,Petrol,275000.0,Anuradapura,2025-02-05,No Leasing,USED,Available,Available,Not_Available,Available,35.04761904761905
2222,MITSUBISHI,LANCER BOX,1981,1400.0,Manual,Petrol,484000.0,Ragama,2024-12-28,No Leasing,USED,Available,Available,Available,Not_Available,12.75
5818,SUZUKI,WAGON R,2017,650.0,Automatic,Hybrid,88000.0,Mirigama,2025-01-23,No Leasing,USED,Available,Available,Available,Available,60.64038461538462
9456,TOYOTA,VITZ,2016,1000.0,Automatic,Petrol,99000.0,Nittambuwa,2024-12-16,No Leasing,USED,Available,Available,Available,Available,82.0
3764,PERODUA,VIVA ELITE,2011,1000.0,Automatic,Petrol,154000.0,Kottawa,2025-01-14,No Leasing,USED,Available,Available,Not_Available,Not_Available,40.0
3866,PERODUA,VIVA ELITE,2012,1000.0,Automatic,Petrol,143000.0,Panadura,2024-12-06,No Leasing,USED,Available,Available,Available,Available,42.25
8474,TOYOTA,PASSO,2007,1000.0,Automatic,Petrol,198000.0,Ratnapura,2025-01-01,No Leasing,USED,Available,Available,Available,Available,46.75
8745,TOYOTA,PREMIO G SUPERIOR,2016,1500.0,Automatic,Petrol,99000.0,Colombo,2024-12-21,No Leasing,USED,Available,Available,Available,Available,168.5
6367,SUZUKI,WAGON R STINGRAY,2015,650.0,Automatic,Petrol,110000.0,Colombo,2024-12-25,No Leasing,USED,Available,Available,Available,Available,55.9
6752,TOYOTA,ALLION,2008,1500.0,Automatic,Petrol,187000.0,Kuliyapitiya,2025-01-19,No Leasing,USED,Available,Available,Available,Available,89.9
3758,PERODUA,VIVA ELITE,2010,1000.0,Manual,Petrol,165000.0,Elpitiya,2025-01-17,No Leasing,USED,Available,Available,Available,Available,35.9
7773,TOYOTA,CE90,1991,1500.0,Manual,Diesel,374000.0,Matara,2025-02-02,No Leasing,USED,Available,Available,Not_Available,Not_Available,17.25
3227,NISSAN,N16,2002,1300.0,Automatic,Petrol,253000.0,Moneragala,2025-01-14,No Leasing,USED,Available,Available,Available,Available,33.0
7436,TOYOTA,AXIO G GRADE,2015,1500.0,Automatic,Hybrid,110000.0,Piliyandala,2025-02-04,No Leasing,USED,Available,Available,Available,Available,98.5
8188,TOYOTA,CORONA,1988,1400.0,Manual,Petrol,407000.0,Kandy,2025-01-31,Ongoing Lease,USED,Available,Not_Available,Not_Available,Not_Available,6.0
3904,PEUGEOT,406,2001,2000.0,Manual,Petrol,264000.0,Colombo,2025-01-10,No Leasing,USED,Available,Available,Available,Available,26.25
2277,MITSUBISHI,LANCER CS1,2001,1300.0,Manual,Petrol,264000.0,Gampaha,2025-01-13,No Leasing,USED,Available,Available,Available,Available,39.0
7421,TOYOTA,AXIO FIELDER WXB,2017,1500.0,Automatic,Hybrid,88000.0,Colombo,2025-01-30,No Leasing,USED,Available,Available,Available,Available,129.0
1401,KIA,RIO,2001,1500.0,Automatic,Petrol,264000.0,Katunayake,2025-02-02,No Leasing,USED,Available,Available,Available,Available,18.75
739,HONDA,FIT GP5,2013,1500.0,Automatic,Hybrid,132000.0,Dehiwala-Mount-Lavinia,2025-02-05,No Leasing,USED,Available,Available,Available,Available,73.5
4266,SUZUKI,ALTO,2011,800.0,Manual,Petrol,154000.0,Matale,2025-01-28,Ongoing Lease,USED,Available,Not_Available,Not_Available,Not_Available,28.0
9651,TOYOTA,VITZ SCP90,2007,1300.0,Automatic,Petrol,198000.0,Dehiwala-Mount-Lavinia,2025-02-04,No Leasing,USED,Available,Available,Available,Available,54.1875
8282,TOYOTA,DUET,2003,1000.0,Automatic,Petrol,242000.0,Gampaha,2025-02-05,No Leasing,USED,Available,Available,Available,Available,25.6
8566,TOYOTA,PREMIO,2019,1500.0,Automatic,Petrol,66000.0,Tangalle,2025-01-06,No Leasing,USED,Available,Available,Available,Available,198.75
3851,PERODUA,VIVA ELITE,2011,1000.0,Automatic,Petrol,154000.0,Panadura,2024-12-19,No Leasing,USED,Available,Available,Available,Available,41.9
8443,TOYOTA,PASSO,2007,1000.0,Automatic,Petrol,198000.0,Anuradapura,2025-02-01,No Leasing,USED,Available,Available,Available,Available,66.09473684210526
9075,TOYOTA,VEROSSA,2003,1800.0,Automatic,Petrol,242000.0,Panadura,2025-01-05,No Leasing,USED,Available,Available,Available,Available,55.0
6205,SUZUKI,WAGON R STINGRAY,2014,680.0,Automatic,Hybrid,121000.0,Anuradapura,2025-02-03,No Leasing,USED,Available,Available,Available,Available,55.34558823529412
9608,TOYOTA,VITZ RS,2008,1300.0,Automatic,Petrol,187000.0,Colombo,2025-02-01,No Leasing,USED,Available,Available,Available,Available,59.75
674,HONDA,FIT GP1,2010,1300.0,Automatic,Petrol,165000.0,Chilaw,2025-01-10,No Leasing,USED,Available,Available,Available,Available,66.0
6758,TOYOTA,ALLION,2007,1500.0,Automatic,Petrol,198000.0,Dambulla,2024-12-27,No Leasing,USED,Available,Available,Available,Available,88.30909090909091
6065,SUZUKI,WAGON R FZ,2017,690.0,Automatic,Petrol,88000.0,Pannala,2025-01-02,No Leasing,USED,Available,Available,Available,Available,60.5
3841,PERODUA,VIVA ELITE,2011,1000.0,Automatic,Petrol,154000.0,Kurunegala,2024-12-22,No Leasing,USED,Available,Available,Available,Available,43.5
1815,MICRO,AMBASSADOR,2003,1990.0,Manual,Diesel,242000.0,Colombo,2025-01-03,No Leasing,USED,Available,Available,Not_Available,Not_Available,15.5
8110,TOYOTA,COROLLA DX WAGON,1987,1300.0,Manual,Petrol,418000.0,Moneragala,2025-01-28,No Leasing,USED,Available,Not_Available,Not_Available,Not_Available,12.8
9630,TOYOTA,VITZ SAFETY EDITION,2016,1000.0,Automatic,Petrol,99000.0,Colombo,2025-01-27,No Leasing,USED,Available,Available,Available,Available,76.0
9004,TOYOTA,STARLET EP82,1992,1300.0,Manual,Petrol,363000.0,Horana,2025-01-26,No Leasing,USED,Available,Available,Available,Available,27.75
4653,SUZUKI,ALTO JAPAN,2017,650.0,Automatic,Petrol,88000.0,Gampaha,2025-01-26,No Leasing,USED,Available,Available,Not_Available,Available,56.0
6967,TOYOTA,AQUA,2015,1500.0,Automatic,Hybrid,110000.0,Maharagama,2025-01-18,No Leasing,USED,Available,Available,Available,Available,85.5
2100,MITSUBISHI,COLT,2004,1300.0,Automatic,Petrol,231000.0,Panadura,2025-01-09,No Leasing,USED,Available,Available,Available,Available,36.15
7349,TOYOTA,AXIO,2007,1500.0,Automatic,Petrol,198000.0,Kurunegala,2024-12-31,No Leasing,USED,Available,Available,Available,Available,69.9
1673,MERCEDES-BENZ,C180 W203,2002,1998.0,Automatic,Petrol,253000.0,Kotte,2025-02-02,No Leasing,USED,Available,Available,Available,Available,74.6
2101,MITSUBISHI,COLT,2008,1330.0,Automatic,Petrol,187000.0,Colombo,2025-01-06,No Leasing,USED,Available,Not_Available,Not_Available,Not_Available,34.0
4213,SUZUKI,ALTO,2002,650.0,Manual,Petrol,253000.0,Nugegoda,2025-01-16,No Leasing,USED,Available,Available,Available,Available,26.75
7572,TOYOTA,BELTA,2011,1000.0,Automatic,Petrol,154000.0,Panadura,2025-01-27,No Leasing,USED,Available,Available,Available,Available,60.0
1548,MAZDA,DEMIO JAPAN,2009,1300.0,Automatic,Petrol,176000.0,Colombo,2025-02-05,No Leasing,USED,Available,Available,Available,Available,49.5
6110,SUZUKI,WAGON R FZ SAFETY,2014,660.0,Automatic,Hybrid,121000.0,Marawila,2025-02-02,No Leasing,USED,Available,Available,Available,Available,53.75
3323,NISSAN,PRESEA,2000,1500.0,Manual,Petrol,275000.0,Horana,2024-12-07,No Leasing,USED,Available,Available,Available,Available,29.75
6915,TOYOTA,ALLION G GRADE,2014,1500.0,Automatic,Petrol,121000.0,Matara,2025-01-23,No Leasing,USED,Available,Available,Available,Available,120.0
355,DATSUN,REDI-GO,2017,800.0,Manual,Petrol,88000.0,Maharagama,2025-01-29,No Leasing,USED,Available,Available,Available,Available,29.491666666666664
5184,SUZUKI,MARUTI,2004,800.0,Manual,Petrol,231000.0,Ja-Ela,2025-01-20,No Leasing,USED,Available,Not_Available,Not_Available,Not_Available,15.185
1461,MAHINDRA,KV100,2022,1080.0,Manual,Petrol,33000.0,Eheliyagoda,2024-12-11,No Leasing,USED,Available,Available,Available,Available,58.95
7268,TOYOTA,AXIO,2015,1500.0,Automatic,Petrol,110000.0,Anuradapura,2025-02-04,No Leasing,USED,Available,Available,Available,Available,112.63636363636364
9187,TOYOTA,VITZ,2015,1000.0,Automatic,Petrol,110000.0,Ambalangoda,2025-02-03,No Leasing,USED,Available,Available,Available,Available,72.0
3220,NISSAN,N16,2001,1500.0,Automatic,Petrol,264000.0,Kandy,2025-02-01,No Leasing,USED,Available,Available,Available,Available,38.53
939,HONDA,GRACE,2015,1500.0,Automatic,Petrol,110000.0,Puttalam,2025-01-12,No Leasing,USED,Available,Available,Available,Available,97.25
5147,SUZUKI,MARUTI,2006,800.0,Manual,Petrol,209000.0,Moratuwa,2025-01-06,No Leasing,USED,Available,Not_Available,Not_Available,Not_Available,16.87
8022,TOYOTA,COROLLA AE100,1992,1300.0,Manual,Petrol,363000.0,Horana,2025-01-13,No Leasing,USED,Available,Available,Available,Not_Available,22.75
7513,TOYOTA,AXIO X,2007,1500.0,Automatic,Petrol,198000.0,Nittambuwa,2025-02-03,No Leasing,USED,Available,Available,Available,Available,69.5
1751,MERCEDES-BENZ,E300,2014,2200.0,Automatic,Diesel,121000.0,Colombo,2025-01-23,No Leasing,USED,Available,Available,Available,Available,204.25
7633,TOYOTA,CARINA,1998,1500.0,Automatic,Petrol,297000.0,Negombo,2025-02-05,No Leasing,USED,Available,Available,Available,Available,35.0
9050,TOYOTA,TANK GS,2017,1000.0,Automatic,Petrol,88000.0,Colombo,2025-02-01,No Leasing,USED,Available,Available,Available,Available,86.5
1772,MERCEDES-BENZ,S350,2011,3000.0,Automatic,Petrol,154000.0,Boralesgamuwa,2025-02-03,No Leasing,USED,Available,Available,Available,Available,260.0
1196,HYUNDAI,ELANTRA,2011,1500.0,Automatic,Petrol,154000.0,Colombo,2025-01-11,No Leasing,USED,Available,Available,Available,Available,58.5
1878,MICRO,PANDA,2017,1000.0,Manual,Petrol,88000.0,Panadura,2025-02-02,No Leasing,USED,Available,Available,Available,Available,28.5
2668,NISSAN,FB13,1993,1700.0,Manual,Diesel,352000.0,Jaffna,2025-01-11,No Leasing,USED,Not_Available,Available,Available,Not_Available,22.5
3171,NISSAN,MARCH K11,1998,1000.0,Manual,Petrol,297000.0,Ratnapura,2025-01-25,No Leasing,USED,Available,Available,Available,Available,25.0
2016,MICRO,PANDA LC,2016,1300.0,Manual,Petrol,99000.0,Malabe,2025-02-03,No Leasing,USED,Available,Available,Available,Available,26.75
2005,MICRO,PANDA CROSS,2014,1300.0,Manual,Petrol,121000.0,Gampaha,2024-12-23,No Leasing,USED,Available,Available,Available,Available,28.0
7973,TOYOTA,COROLLA 141,2010,1500.0,Automatic,Petrol,165000.0,Battaramulla,2025-01-01,No Leasing,USED,Available,Available,Available,Available,75.25
3893,PEUGEOT,306,1998,1360.0,Manual,Petrol,297000.0,Padukka,2025-02-01,No Leasing,USED,Available,Available,Available,Available,15.5
9780,ZOTYE,Z100,2020,1000.0,Manual,Petrol,55000.0,Kadawatha,2025-01-06,No Leasing,USED,Available,Available,Available,Available,28.5
3237,NISSAN,N16,2003,1600.0,Automatic,Petrol,242000.0,Kandana,2025-01-02,No Leasing,USED,Available,Available,Available,Available,41.0
4424,SUZUKI,ALTO,2016,800.0,Manual,Petrol,99000.0,Matara,2024-12-19,No Leasing,USED,Available,Available,Not_Available,Available,34.41428571428572
4744,SUZUKI,ALTO K10,2011,1000.0,Manual,Petrol,154000.0,Kandy,2024-12-15,No Leasing,USED,Available,Available,Not_Available,Available,29.0
2078,MINI,COOPER S TURBO,2007,1600.0,Manual,Petrol,198000.0,Pannala,2025-02-05,No Leasing,USED,Available,Available,Available,Available,98.0
5219,SUZUKI,MARUTI,2000,800.0,Manual,Petrol,275000.0,Kurunegala,2024-12-23,No Leasing,USED,Available,Not_Available,Not_Available,Not_Available,13.9
396,FORD,FOCUS ST,2017,1000.0,Automatic,Petrol,88000.0,Colombo,2025-02-01,No Leasing,USED,Available,Available,Available,Available,110.0
2788,NISSAN,FB14 SUPER SALOON,1996,1500.0,Manual,Petrol,319000.0,Homagama,2025-01-22,No Leasing,USED,Available,Available,Available,Available,27.5
6805,TOYOTA,ALLION 240,2002,1500.0,Automatic,Petrol,253000.0,Kandy,2025-01-04,No Leasing,USED,Available,Available,Available,Available,65.5
6206,SUZUKI,WAGON R STINGRAY,2015,650.0,Automatic,Petrol,110000.0,Moratuwa,2025-02-03,No Leasing,USED,Available,Available,Not_Available,Available,58.85
4072,SUZUKI,A-STAR,2011,1000.0,Automatic,Petrol,154000.0,Wattala,2025-01-07,No Leasing,USED,Available,Available,Available,Available,41.5
5574,SUZUKI,SWIFT,2003,1300.0,Automatic,Petrol,242000.0,Piliyandala,2024-12-30,No Leasing,USED,Available,Available,Available,Available,37.594117647058816
8179,TOYOTA,COROLLA WAGON ELEPHANT BACK,2000,2000.0,Manual,Diesel,275000.0,Horana,2025-01-06,No Leasing,USED,Available,Available,Available,Not_Available,26.9
9304,TOYOTA,VITZ,2007,1000.0,Automatic,Petrol,198000.0,Colombo,2025-01-07,No Leasing,USED,Available,Available,Available,Available,53.810526315789474
5355,SUZUKI,MINI,1994,1300.0,Automatic,Petrol,341000.0,Kegalle,2025-02-02,No Leasing,USED,Available,Not_Available,Not_Available,Not_Available,29.75
8263,TOYOTA,CORSA COROLLA 2,1999,1330.0,Automatic,Petrol,286000.0,Panadura,2025-01-29,No Leasing,USED,Available,Available,Not_Available,Not_Available,25.75
6503,SUZUKI,ZEN,2006,1000.0,Manual,Petrol,209000.0,Kottawa,2025-01-04,No Leasing,USED,Available,Available,Not_Available,Available,22.0
1519,MAZDA,DEMIO,2008,1300.0,Automatic,Petrol,187000.0,Maharagama,2025-01-13,No Leasing,USED,Available,Available,Available,Available,48.5
7815,TOYOTA,COROLLA,1996,1300.0,Automatic,Petrol,319000.0,Embilipitiya,2024-12-23,No Leasing,USED,Available,Available,Available,Available,23.5
1378,KIA,PICANTO,2016,1000.0,Manual,Petrol,99000.0,Kadawatha,2025-01-06,No Leasing,USED,Available,Available,Available,Available,49.95
5672,SUZUKI,SWIFT JAPAN SPORT,2010,1300.0,Automatic,Petrol,165000.0,Colombo,2025-02-03,No Leasing,USED,Available,Available,Available,Available,52.75
1023,HONDA,INSIGHT,2011,1300.0,Automatic,Hybrid,154000.0,Matara,2025-02-03,No Leasing,USED,Available,Available,Available,Available,74.215
2587,NISSAN,CEFIRO J31 230JM,2004,2300.0,Automatic,Petrol,231000.0,Nittambuwa,2025-02-03,No Leasing,USED,Available,Available,Available,Available,49.85
6714,TOYOTA,ALLION,2007,1500.0,Automatic,Petrol,198000.0,Kandy,2025-02-05,No Leasing,USED,Available,Available,Available,Available,93.0
5621,SUZUKI,SWIFT,2005,1300.0,Automatic,Petrol,220000.0,Kurunegala,2024-12-05,No Leasing,USED,Available,Available,Available,Available,48.5
7280,TOYOTA,AXIO,2013,1490.0,Manual,Petrol,132000.0,Homagama,2025-02-02,No Leasing,USED,Available,Not_Available,Available,Not_Available,95.75
5008,SUZUKI,HUSTLER,2015,650.0,Automatic,Hybrid,110000.0,Colombo,2025-01-17,No Leasing,USED,Available,Available,Available,Available,69.75
2857,NISSAN,FB15,1999,1500.0,Automatic,Petrol,286000.0,Minuwangoda,2025-01-24,No Leasing,USED,Available,Available,Available,Available,36.0
7937,TOYOTA,COROLLA 121 G GRADE,2003,1500.0,Automatic,Petrol,242000.0,Kalawana,2024-12-25,No Leasing,USED,Available,Available,Available,Available,62.0
5771,SUZUKI,WAGON R,2015,650.0,Automatic,Hybrid,110000.0,Kelaniya,2025-01-18,No Leasing,USED,Available,Available,Available,Available,55.25
5842,SUZUKI,WAGON R,2015,650.0,Automatic,Petrol,110000.0,Anuradapura,2025-01-03,No Leasing,USED,Available,Available,Available,Available,53.9
6818,TOYOTA,ALLION 240,2002,1500.0,Automatic,Petrol,253000.0,Tangalle,2024-12-14,No Leasing,USED,Available,Available,Available,Available,65.8
5832,SUZUKI,WAGON R,2017,650.0,Automatic,Petrol,88000.0,Kottawa,2025-01-19,No Leasing,USED,Available,Available,Available,Available,60.64038461538462
1629,MAZDA,MR 90,1992,1300.0,Manual,Petrol,363000.0,Gampola,2024-12-22,No Leasing,USED,Available,Not_Available,Not_Available,Not_Available,7.5
4888,SUZUKI,CELERIO,2014,1000.0,Automatic,Petrol,121000.0,Kadawatha,2024-12-17,No Leasing,USED,Available,Available,Not_Available,Available,49.25
4526,SUZUKI,ALTO 800,2008,800.0,Manual,Petrol,187000.0,Mawanella,2024-12-31,No Leasing,USED,Not_Available,Available,Available,Not_Available,28.65000000000001
3523,NISSAN,TIIDA,2010,1500.0,Automatic,Petrol,165000.0,Polonnaruwa,2025-01-26,No Leasing,USED,Available,Available,Available,Available,56.0
5904,SUZUKI,WAGON R,2017,660.0,Automatic,Hybrid,88000.0,Colombo,2024-12-13,No Leasing,NEW,Available,Available,Available,Available,64.0
7415,TOYOTA,AXIO 161,2013,1500.0,Automatic,Petrol,132000.0,Ratnapura,2025-01-05,No Leasing,USED,Available,Available,Available,Available,95.0
3607,NISSAN,WINGROAD WFY11,2002,1500.0,Automatic,Petrol,253000.0,Dehiwala-Mount-Lavinia,2025-01-22,No Leasing,USED,Available,Available,Available,Available,34.5
9219,TOYOTA,VITZ,2009,1000.0,Automatic,Petrol,176000.0,Colombo,2025-02-01,No Leasing,USED,Available,Available,Available,Available,57.5
5220,SUZUKI,MARUTI,2004,800.0,Manual,Petrol,231000.0,Jaffna,2024-12-22,No Leasing,USED,Available,Not_Available,Not_Available,Not_Available,16.0
234,CHEVROLET,CRUZE GM,2004,1320.0,Automatic,Petrol,231000.0,Malabe,2025-02-03,No Leasing,USED,Available,Available,Available,Available,41.33125000000002
9366,TOYOTA,VITZ,2018,990.0,Automatic,Petrol,77000.0,Malabe,2025-01-19,No Leasing,USED,Available,Available,Available,Available,89.0
3796,PERODUA,VIVA ELITE,2011,1000.0,Automatic,Petrol,154000.0,Colombo,2025-01-28,No Leasing,USED,Available,Available,Available,Available,40.9
4118,SUZUKI,ALTO,2014,800.0,Manual,Petrol,121000.0,Dompe,2025-02-04,No Leasing,USED,Available,Available,Not_Available,Available,31.25
5001,SUZUKI,HUSTLER,2015,650.0,Automatic,Petrol,110000.0,Malabe,2025-02-05,No Leasing,USED,Available,Available,Not_Available,Available,61.35
3800,PERODUA,VIVA ELITE,2010,1000.0,Manual,Petrol,165000.0,Homagama,2025-01-25,No Leasing,USED,Available,Available,Not_Available,Available,39.0
9282,TOYOTA,VITZ,2010,990.0,Automatic,Petrol,165000.0,Polonnaruwa,2025-01-11,No Leasing,USED,Available,Available,Available,Available,60.1125
3899,PEUGEOT,406,2000,1990.0,Manual,Petrol,275000.0,Piliyandala,2025-02-04,No Leasing,USED,Available,Available,Available,Available,27.5
5024,SUZUKI,INDIAN WAGON R,2004,1000.0,Manual,Petrol,231000.0,Chilaw,2024-12-12,No Leasing,USED,Available,Available,Not_Available,Available,20.5
1948,MICRO,PANDA,2017,1300.0,Manual,Petrol,88000.0,Bandarawela,2024-12-19,No Leasing,USED,Available,Available,Available,Available,31.521875
470,HONDA,CIVIC,2007,1600.0,Automatic,Petrol,198000.0,Kandy,2025-02-02,No Leasing,USED,Available,Available,Available,Available,65.0
7198,TOYOTA,AQUA S LIMITED,2014,1500.0,Automatic,Hybrid,121000.0,Mirigama,2025-01-04,No Leasing,USED,Available,Available,Available,Available,76.5
3492,NISSAN,SUNNY N17 SUPER SALOON,2005,1300.0,Automatic,Petrol,220000.0,Piliyandala,2025-02-05,No Leasing,USED,Available,Available,Available,Available,42.65
6091,SUZUKI,WAGON R FZ,2017,660.0,Automatic,Hybrid,88000.0,Moneragala,2024-12-06,No Leasing,USED,Available,Available,Available,Available,69.5
2671,NISSAN,FB13,1991,1500.0,Manual,Petrol,374000.0,Kandy,2025-01-06,No Leasing,USED,Available,Available,Available,Available,17.5
9592,TOYOTA,VITZ KSP90,2007,1000.0,Automatic,Petrol,198000.0,Galle,2025-01-25,No Leasing,USED,Available,Available,Available,Available,52.75
2224,MITSUBISHI,LANCER BOX,1981,1400.0,Manual,Petrol,484000.0,Kurunegala,2024-12-26,No Leasing,USED,Available,Not_Available,Not_Available,Not_Available,11.75
1106,HONDA,N-BOX,2016,650.0,Automatic,Petrol,99000.0,Kalutara,2025-02-01,Ongoing Lease,USED,Available,Available,Available,Available,21.0
2188,MITSUBISHI,LANCER BOX,1981,1400.0,Manual,Petrol,484000.0,Homagama,2025-01-31,No Leasing,USED,Available,Not_Available,Not_Available,Not_Available,9.95
818,HONDA,FIT GP5,2014,1496.0,Automatic,Petrol,121000.0,Colombo,2024-12-18,Ongoing Lease,USED,Available,Available,Available,Available,80.0
5571,SUZUKI,SWIFT,2004,1000.0,Automatic,Petrol,231000.0,Homagama,2024-12-31,No Leasing,USED,Available,Available,Not_Available,Available,42.5
4523,SUZUKI,ALTO 800,2017,800.0,Manual,Petrol,88000.0,Padukka,2025-01-03,No Leasing,USED,Available,Available,Not_Available,Available,37.05
5793,SUZUKI,WAGON R,2010,1000.0,Manual,Petrol,165000.0,Panadura,2025-01-09,Ongoing Lease,USED,Available,Available,Not_Available,Available,37.4375
9183,TOYOTA,VITZ,2008,1000.0,Automatic,Petrol,187000.0,Kurunegala,2025-02-03,No Leasing,USED,Available,Available,Available,Available,53.5
8589,TOYOTA,PREMIO,2013,1500.0,Automatic,Petrol,132000.0,Kalutara,2025-01-04,No Leasing,USED,Available,Available,Available,Available,129.13888888888889
7105,TOYOTA,AQUA G GRADE,2012,1500.0,Automatic,Hybrid,143000.0,Kandy,2025-02-04,No Leasing,USED,Available,Available,Available,Available,67.9
2624,NISSAN,DOCTOR SUNNY,1992,1700.0,Manual,Diesel,363000.0,Bandaragama,2025-01-15,No Leasing,USED,Available,Available,Available,Available,16.75
8030,TOYOTA,COROLLA AE100,1992,1500.0,Manual,Petrol,363000.0,Colombo,2024-12-27,No Leasing,USED,Available,Available,Available,Available,26.5
9193,TOYOTA,VITZ,2007,1000.0,Automatic,Petrol,198000.0,Colombo,2025-02-03,No Leasing,USED,Available,Available,Available,Available,53.5
9705,TOYOTA,YARIS,2008,1276.0,Manual,Petrol,187000.0,Colombo,2025-01-04,No Leasing,USED,Available,Not_Available,Not_Available,Available,65.35416666666667
8924,TOYOTA,SOLUNA,2002,1500.0,Automatic,Petrol,253000.0,Matale,2025-01-15,No Leasing,USED,Available,Available,Available,Available,29.75
888,HONDA,FIT GP5 SENSING,2018,1500.0,Automatic,Hybrid,77000.0,Colombo,2025-02-05,No Leasing,USED,Available,Available,Available,Available,120.0
2437,NISSAN,B11,1983,1300.0,Manual,Petrol,462000.0,Kandy,2025-01-05,No Leasing,USED,Available,Not_Available,Not_Available,Not_Available,7.0
6056,SUZUKI,WAGON R FZ,2018,650.0,Automatic,Petrol,77000.0,Polonnaruwa,2025-01-24,No Leasing,USED,Available,Available,Available,Available,66.2388888888889
6735,TOYOTA,ALLION,2011,1500.0,Automatic,Petrol,154000.0,Dehiwala-Mount-Lavinia,2025-01-05,No Leasing,USED,Available,Available,Available,Available,102.0
817,HONDA,FIT GP5,2014,1500.0,Automatic,Petrol,121000.0,Colombo,2024-12-18,No Leasing,USED,Available,Available,Available,Available,84.5
8741,TOYOTA,PREMIO G SUPERIOR,2007,1790.0,Automatic,Petrol,198000.0,Kandy,2024-12-23,No Leasing,USED,Available,Available,Available,Available,97.5
3414,NISSAN,SUNNY,1988,1300.0,Manual,Petrol,407000.0,Minuwangoda,2025-01-07,No Leasing,USED,Available,Available,Available,Not_Available,13.75
2341,MITSUBISHI,LANCER WAGON C12,1985,1400.0,Manual,Petrol,440000.0,Kandy,2024-12-26,No Leasing,USED,Available,Available,Available,Available,7.8
8835,TOYOTA,PRIUS,2014,1800.0,Automatic,Hybrid,121000.0,Kurunegala,2024-12-24,No Leasing,USED,Available,Available,Available,Available,110.0
3167,NISSAN,MARCH K11,1997,1000.0,Manual,Petrol,308000.0,Colombo,2025-01-27,No Leasing,USED,Available,Available,Not_Available,Available,24.0
1809,MERCEDES-BENZ,W211 E240,2003,2600.0,Manual,Petrol,242000.0,Kegalle,2025-01-15,No Leasing,USED,Available,Available,Available,Available,90.1875
8506,TOYOTA,PASSO SAFETY EDITION,2016,1000.0,Automatic,Petrol,99000.0,Panadura,2024-12-18,No Leasing,USED,Available,Available,Available,Available,73.9
1264,HYUNDAI,MATRIX GL,2001,1599.0,Manual,Petrol,264000.0,Nugegoda,2024-12-13,No Leasing,USED,Available,Available,Available,Available,21.0
5086,SUZUKI,MARUTI,2011,795.0,Manual,Petrol,154000.0,Gampaha,2025-01-31,No Leasing,USED,Available,Not_Available,Not_Available,Not_Available,17.5
8645,TOYOTA,PREMIO CORONA,1996,2000.0,Manual,Diesel,319000.0,Kandy,2025-02-04,No Leasing,USED,Available,Available,Available,Available,34.5
5835,SUZUKI,WAGON R,2014,660.0,Automatic,Petrol,121000.0,Gampaha,2025-01-05,No Leasing,USED,Not_Available,Available,Not_Available,Not_Available,54.31
5194,SUZUKI,MARUTI,2007,800.0,Manual,Petrol,198000.0,Homagama,2025-01-03,No Leasing,USED,Available,Not_Available,Not_Available,Not_Available,18.25
4449,SUZUKI,ALTO,2015,800.0,Manual,Petrol,110000.0,Anuradapura,2024-12-11,No Leasing,USED,Available,Available,Available,Available,32.8
4945,SUZUKI,ESTEEM,2003,1300.0,Manual,Petrol,242000.0,Hambantota,2025-02-02,No Leasing,USED,Available,Available,Available,Available,21.5
4045,SUBARU,WRX STI 8,2003,2000.0,Manual,Petrol,242000.0,Mulleriyawa,2025-01-26,No Leasing,USED,Available,Available,Available,Available,120.0
6204,SUZUKI,WAGON R STINGRAY,2018,650.0,Automatic,Petrol,77000.0,Colombo,2025-02-03,No Leasing,USED,Available,Available,Available,Available,71.3560974390244
3702,PERODUA,VIVA ELITE,2010,1000.0,Automatic,Petrol,165000.0,Mirigama,2025-02-05,No Leasing,USED,Available,Available,Available,Available,42.5
1035,HONDA,INSIGHT,2011,1300.0,Automatic,Hybrid,154000.0,Kadawatha,2025-01-30,No Leasing,USED,Available,Available,Available,Available,69.75
9059,TOYOTA,TERCEL,1998,1300.0,Manual,Petrol,297000.0,Galle,2025-01-24,No Leasing,USED,Available,Available,Not_Available,Not_Available,23.75
5590,SUZUKI,SWIFT,2003,1320.0,Automatic,Petrol,242000.0,Piliyandala,2024-12-20,No Leasing,USED,Available,Available,Not_Available,Available,41.0
1228,HYUNDAI,EON,2016,660.0,Manual,Petrol,99000.0,Gampaha,2024-12-23,No Leasing,USED,Available,Available,Available,Available,36.0
6929,TOYOTA,AQUA,2014,1500.0,Automatic,Hybrid,121000.0,Ja-Ela,2025-02-04,No Leasing,USED,Available,Available,Available,Available,76.98434782608696
6495,SUZUKI,WORKS,2002,650.0,Automatic,Petrol,253000.0,Kandy,2024-12-07,No Leasing,USED,Available,Available,Available,Available,36.65
5141,SUZUKI,MARUTI,2006,800.0,Manual,Petrol,209000.0,Kandy,2025-01-08,Ongoing Lease,USED,Available,Not_Available,Not_Available,Not_Available,16.0
52,AUDI,A6 TFSI,2017,1800.0,Automatic,Petrol,88000.0,Moratuwa,2025-01-24,No Leasing,USED,Available,Available,Available,Available,256.5
8689,TOYOTA,PREMIO G SUPERIOR,2014,1490.0,Automatic,Petrol,121000.0,Bandaragama,2025-01-31,No Leasing,USED,Available,Available,Available,Available,139.9
8212,TOYOTA,CORONA AT 150,1984,1452.0,Manual,Petrol,451000.0,Gampaha,2025-01-29,No Leasing,USED,Available,Not_Available,Not_Available,Not_Available,7.75
159,BYD,SEAL,2024,1500.0,Automatic,Electric,11000.0,Dehiwala-Mount-Lavinia,2025-02-05,No Leasing,NEW,Available,Available,Available,Available,394.5
7195,TOYOTA,AQUA S LIMITED,2014,1500.0,Automatic,Hybrid,121000.0,Moratuwa,2025-01-22,No Leasing,USED,Available,Available,Available,Available,76.5
1587,MAZDA,FAMILIA,1989,1290.0,Manual,Petrol,396000.0,Ja-Ela,2024-12-08,No Leasing,USED,Available,Available,Not_Available,Not_Available,8.95
1589,MAZDA,FAMILIA,2000,1500.0,Manual,Petrol,275000.0,Kegalle,2024-12-07,No Leasing,USED,Available,Available,Available,Available,28.5
9633,TOYOTA,VITZ SAFETY EDITION,2017,1000.0,Automatic,Petrol,88000.0,Rajagiriya,2025-01-02,No Leasing,USED,Available,Available,Available,Available,84.75
9130,TOYOTA,VIOS E GRADE,2004,1500.0,Automatic,Petrol,231000.0,Piliyandala,2025-02-04,No Leasing,USED,Available,Available,Available,Available,52.5
8603,TOYOTA,PREMIO,2017,1500.0,Automatic,Petrol,88000.0,Colombo,2024-12-25,No Leasing,USED,Available,Available,Available,Available,173.0666666666667
8187,TOYOTA,CORONA,1987,1450.0,Manual,Petrol,418000.0,Gampaha,2025-01-31,No Leasing,USED,Not_Available,Available,Available,Not_Available,10.25
6174,SUZUKI,WAGON R STINGRAY,2017,660.0,Automatic,Hybrid,88000.0,Battaramulla,2025-02-05,No Leasing,USED,Available,Available,Available,Available,68.31290322580645
7332,TOYOTA,AXIO,2015,1000.0,Automatic,Petrol,110000.0,Welisara,2025-01-20,No Leasing,USED,Available,Available,Available,Available,115.0
3858,PERODUA,VIVA ELITE,2011,1000.0,Automatic,Petrol,154000.0,Matara,2024-12-09,No Leasing,USED,Available,Available,Available,Available,39.95
9606,TOYOTA,VITZ KSP90,2007,1000.0,Automatic,Petrol,198000.0,Gampaha,2024-12-06,No Leasing,USED,Available,Available,Available,Available,52.75
6383,SUZUKI,WAGON R STINGRAY,2017,650.0,Automatic,Petrol,88000.0,Kesbewa,2024-12-23,No Leasing,USED,Available,Available,Available,Available,68.75
2828,NISSAN,FB15,2001,1500.0,Automatic,Petrol,264000.0,Bandarawela,2025-01-16,No Leasing,USED,Available,Available,Available,Available,43.5
436,FOTON,SAGA,2011,1490.0,Automatic,Petrol,154000.0,Gampaha,2025-01-31,No Leasing,USED,Available,Available,Not_Available,Available,9.95
7725,TOYOTA,CARINA GT,1997,1600.0,Manual,Petrol,308000.0,Warakapola,2025-01-15,No Leasing,USED,Available,Available,Available,Available,37.5
7785,TOYOTA,COROLLA,1991,1997.0,Manual,Diesel,374000.0,Ambalangoda,2025-02-03,No Leasing,USED,Available,Available,Not_Available,Not_Available,22.9
3878,PERODUA,VIVA ELITE PREMIUM,2011,1000.0,Automatic,Petrol,154000.0,Colombo,2025-01-06,No Leasing,USED,Available,Available,Available,Available,37.5
1588,MAZDA,FAMILIA,2000,1350.0,Manual,Petrol,275000.0,Anuradapura,2024-12-08,Ongoing Lease,USED,Available,Available,Available,Available,28.5
2780,NISSAN,FB14 PULSAR,2000,1970.0,Automatic,Diesel,275000.0,Batticaloa,2025-01-03,No Leasing,USED,Available,Available,Available,Available,30.0
8787,TOYOTA,PRIUS,2011,1800.0,Automatic,Hybrid,154000.0,Dambulla,2025-01-15,No Leasing,USED,Available,Available,Available,Available,90.95
8374,TOYOTA,IST,2006,1500.0,Automatic,Petrol,209000.0,Veyangoda,2025-01-24,Ongoing Lease,USED,Available,Available,Available,Available,53.25
5686,SUZUKI,SWIFT RS,2018,1000.0,Automatic,Petrol,77000.0,Colombo,2025-02-02,No Leasing,USED,Available,Available,Available,Available,90.5
3965,PROTON,WIRA,2004,1500.0,Manual,Petrol,231000.0,Kadawatha,2025-01-03,Ongoing Lease,USED,Available,Available,Available,Available,7.85
4727,SUZUKI,ALTO K10,2011,1000.0,Manual,Petrol,154000.0,Kurunegala,2025-01-24,No Leasing,USED,Available,Available,Available,Available,28.25
973,HONDA,GRACE EX,2017,1500.0,Automatic,Hybrid,88000.0,Gampaha,2025-02-01,Ongoing Lease,USED,Available,Available,Available,Available,75.82500000000002
1238,HYUNDAI,EON MAGNA PLUS,2015,814.0,Manual,Petrol,110000.0,Kalmunai,2025-01-11,No Leasing,USED,Available,Available,Available,Available,36.1
2951,NISSAN,FB15 SUPER SALOON,1999,1500.0,Automatic,Petrol,286000.0,Kuliyapitiya,2024-12-30,No Leasing,USED,Available,Available,Available,Available,37.5
2342,MITSUBISHI,LAUNCHER CK1,1999,1250.0,Manual,Petrol,286000.0,Nuwara-Eliya,2025-01-29,No Leasing,USED,Available,Available,Available,Available,32.5
7933,TOYOTA,COROLLA 121 G GRADE,2001,1500.0,Automatic,Petrol,264000.0,Piliyandala,2025-01-31,No Leasing,USED,Available,Available,Available,Available,49.95
7701,TOYOTA,CARINA AT 150,1985,1500.0,Manual,Petrol,440000.0,Polonnaruwa,2024-12-18,No Leasing,USED,Available,Available,Not_Available,Available,12.0
6046,SUZUKI,WAGON R FZ,2018,660.0,Automatic,Hybrid,77000.0,Colombo,2025-01-11,No Leasing,USED,Available,Available,Available,Available,66.25
2158,MITSUBISHI,LANCER,1981,1400.0,Manual,Petrol,484000.0,Colombo,2025-01-05,No Leasing,USED,Available,Not_Available,Not_Available,Not_Available,8.9
9560,TOYOTA,VITZ KSP130 EDITION 2,2018,990.0,Automatic,Petrol,77000.0,Gampola,2025-02-05,No Leasing,USED,Available,Available,Available,Available,89.75
1497,MAZDA,BF3P,1991,1300.0,Manual,Petrol,374000.0,Divulapitiya,2025-02-03,No Leasing,USED,Available,Available,Not_Available,Available,11.0
4545,SUZUKI,ALTO 800,2015,800.0,Manual,Petrol,110000.0,Colombo,2024-12-20,No Leasing,USED,Available,Available,Not_Available,Available,33.25
4257,SUZUKI,ALTO,2015,800.0,Manual,Petrol,110000.0,Kurunegala,2025-01-05,No Leasing,USED,Available,Available,Available,Available,32.9
2422,NISSAN,AVENIR,1997,2000.0,Automatic,Diesel,308000.0,Negombo,2025-02-04,No Leasing,USED,Available,Available,Available,Available,19.75
8377,TOYOTA,IST,2009,1500.0,Automatic,Petrol,176000.0,Kadawatha,2025-01-03,No Leasing,USED,Available,Available,Available,Available,72.5
5185,SUZUKI,MARUTI,2007,800.0,Manual,Petrol,198000.0,Kuliyapitiya,2025-01-19,No Leasing,USED,Available,Not_Available,Not_Available,Not_Available,18.3
5647,SUZUKI,SWIFT CENTER ANTENNA,2003,1300.0,Automatic,Petrol,242000.0,Kuliyapitiya,2025-01-28,No Leasing,USED,Available,Available,Not_Available,Available,40.725
357,DATSUN,REDI-GO,2017,1000.0,Manual,Petrol,88000.0,Wattala,2025-01-10,No Leasing,USED,Available,Available,Not_Available,Available,29.0
5242,SUZUKI,MARUTI,2007,800.0,Manual,Petrol,198000.0,Kurunegala,2024-12-16,No Leasing,USED,Available,Available,Not_Available,Not_Available,16.9
7797,TOYOTA,COROLLA,1990,1800.0,Manual,Diesel,385000.0,Kurunegala,2025-01-15,No Leasing,USED,Available,Available,Not_Available,Not_Available,20.0
9043,TOYOTA,SX 90,1996,1800.0,Automatic,Petrol,319000.0,Colombo,2024-12-27,No Leasing,USED,Available,Available,Available,Available,28.75
2092,MITSUBISHI,C12,1986,1500.0,Manual,Petrol,429000.0,Gampaha,2024-12-05,No Leasing,USED,Available,Available,Not_Available,Not_Available,9.5
5409,SUZUKI,SPACIA,2017,650.0,Automatic,Hybrid,88000.0,Colombo,2024-12-10,No Leasing,USED,Available,Available,Available,Available,63.5
2015,MICRO,PANDA LC,2012,1300.0,Manual,Petrol,143000.0,Wennappuwa,2025-02-05,No Leasing,USED,Available,Available,Available,Available,20.9
8865,TOYOTA,PRIUS,2011,1800.0,Automatic,Hybrid,154000.0,Nittambuwa,2024-12-04,No Leasing,USED,Available,Available,Available,Available,90.95
4044,SUBARU,SUBARU,1989,1000.0,Manual,Petrol,396000.0,Nuwara-Eliya,2025-01-30,No Leasing,USED,Not_Available,Not_Available,Available,Not_Available,9.0
187,CHERY,QQ,2007,800.0,Manual,Petrol,198000.0,Hatton,2024-12-26,No Leasing,USED,Available,Available,Available,Available,12.6
9272,TOYOTA,VITZ,2010,1300.0,Automatic,Petrol,165000.0,Matara,2025-01-14,No Leasing,USED,Available,Available,Available,Available,60.1125
3655,PERODUA,BEZZA,2018,1000.0,Automatic,Petrol,77000.0,Kurunegala,2025-02-02,No Leasing,USED,Available,Available,Not_Available,Available,72.0
3426,NISSAN,SUNNY,1999,1500.0,Manual,Petrol,286000.0,Elpitiya,2024-12-20,No Leasing,USED,Available,Available,Available,Available,32.0
6856,TOYOTA,ALLION 260,2010,1500.0,Automatic,Petrol,165000.0,Dambulla,2025-01-27,No Leasing,USED,Available,Available,Available,Available,105.0
1381,KIA,PICANTO,2016,946.0,Automatic,Petrol,99000.0,Colombo,2025-01-22,No Leasing,USED,Available,Available,Available,Available,56.7
8114,TOYOTA,COROLLA DX WAGON,1989,1500.0,Manual,Petrol,396000.0,Colombo,2025-01-25,No Leasing,NEW,Available,Not_Available,Not_Available,Not_Available,12.5
413,FORD,LASER,1985,1500.0,Manual,Diesel,440000.0,Matara,2025-01-27,No Leasing,USED,Available,Available,Not_Available,Not_Available,13.75
5037,SUZUKI,MARUTI,2007,800.0,Manual,Petrol,198000.0,Katunayake,2025-02-05,No Leasing,USED,Available,Not_Available,Not_Available,Not_Available,17.8
4897,SUZUKI,CELERIO LXI,2015,1000.0,Automatic,Petrol,110000.0,Kadawatha,2025-01-17,No Leasing,USED,Available,Available,Not_Available,Available,49.75
3336,NISSAN,PRIMERA P11 EFI,1999,1800.0,Manual,Petrol,286000.0,Matara,2025-02-05,No Leasing,USED,Available,Available,Available,Available,26.0
3606,NISSAN,WINGROAD WFY11,2000,1500.0,Automatic,Petrol,275000.0,Kaduwela,2025-01-22,No Leasing,USED,Available,Available,Available,Available,33.0
3175,NISSAN,MARCH K11,2022,1000.0,Automatic,Petrol,33000.0,Colombo,2025-01-19,No Leasing,USED,Available,Available,Available,Available,29.5
